iter,loss,mean_terminal,std_terminal,avg_turnover,mean_lower_scale,mean_upper_scale,width_anchor
1,0.04658310462481933,1.184882693113921,0.21519207054993722,0.06950898395457553,0.9731910393598788,0.9790837794276703,0.004694442976226196
2,0.0989157854882749,1.117779674127126,0.3035263786891371,0.08279068395442685,0.9899780002270451,0.9944412576837626,0.002734094149184848
3,0.0803540525355024,1.09077705818525,0.2615303193731103,0.12324966201504275,1.0027527029173942,1.0003654397596775,0.0026293565433136543
4,0.04513568385957208,1.1873283229227074,0.21203308806610113,0.06137637054547833,1.0107793023402376,1.0035248846315534,0.0017082024773898018
5,0.08247604456180017,1.1014789572830699,0.2697307509076465,0.10478976602658018,1.0098959956647415,1.0022981795936503,0.0014970718566157336
6,0.033875823579553016,1.2349448553448008,0.18068632932171635,0.05115824368907102,1.0074334937841434,1.0020919586307444,0.0007131060728230978
7,0.07282400435124264,1.1547519276426472,0.2660271176431612,0.07923390294481097,1.0032046739164504,1.00064586298241,0.0006188977658049144
8,0.10854845606512278,1.1203373644715937,0.31968070739030524,0.07319429934567188,0.9983312341250172,1.0014973818950368,0.000656588822513236
9,0.11544578049127062,0.9702934856872729,0.2503425072865121,0.1270206394575381,0.9945442360092162,1.0011747878317667,0.0009326819070209465
10,0.09108200471938722,0.9938219897167617,0.22036946572898242,0.11104365933182928,0.99246024157125,1.001236121485776,0.0009931369354978083
11,0.05068579571886985,1.1744131673709048,0.22365934442898158,0.08112107131162058,0.9924213227515175,1.0007337522507207,0.0007607364478720468
12,0.06426977365172339,1.1464887355401046,0.24778896877367906,0.09116687811727094,0.9968736863249079,1.005845517550258,0.0006945181703231955
13,0.04458006978275959,1.175569333222321,0.20971237061016523,0.07443827495397179,0.9982875452981095,1.00256692131692,0.00039339166222998996
14,0.07892332507726615,1.0669089921085857,0.24739923361163363,0.09918594618447496,1.0014024202623513,1.0008123717583977,0.0003727904090027661
15,0.07747302059238743,1.0520779195380245,0.23577239194127897,0.08682869340640606,1.0047593932121144,1.0018769580404854,0.00034579024762134943
16,0.044863153366914994,1.155945836142389,0.20716935340168488,0.10520854421034995,1.007661043309568,1.0026793073123044,0.0003243024849540341
17,0.05276948891872668,1.141999692601077,0.2222664904250516,0.09956575206861476,1.008912665997828,1.0048978482013968,0.000306049448756892
18,0.02925268948614581,1.2113146848580434,0.17065514559247888,0.0723428704290067,1.005669621398642,1.0017547584157842,0.0001488675518807058
19,0.059820403996396224,1.0853157038832735,0.21602535490744723,0.08275580302356489,1.0032928093114752,1.001512280011977,9.622577186911293e-05
20,0.07207880322371352,1.105435832925815,0.25126741366403504,0.10125353568345288,1.0001217455237783,0.9994112148587302,0.0001108359865801015
21,0.09723649483328581,1.0779288502140059,0.28693885674621367,0.08993089406184052,0.9974188426532525,0.9985664265230495,0.00012217123871064058
22,0.10866866296959887,1.0232336411743281,0.27824513666157874,0.1026800831240845,0.9952346892117746,0.9971625084747382,0.00019612812920638236
23,0.1150468729404224,1.0648742589767353,0.31110394476281145,0.09468257773573774,0.9935414106437055,0.9955933582635611,0.00022426063535919903
24,0.05090809118778024,1.1634948751489786,0.2226516743742654,0.062131571727546936,0.9935457958722955,0.9977180037973268,0.00016989457276800815
25,0.06464551969239712,1.1238725329462655,0.24258629408465054,0.113108964146872,0.9954014029935714,0.9963303247768031,0.00020183746551279938
26,0.06901353885071858,1.0984384054966758,0.24227499575088826,0.10510516059151898,0.99807654975034,0.9975361717824722,0.000160780656800964
27,0.10103719646620096,1.0746507738318027,0.2921019518423044,0.08116887395293207,1.0014791876395397,0.9997288731080731,0.000121769515114987
28,0.1188595182754964,1.0577157547541212,0.314027826819286,0.10158776700310206,1.0027965971897692,0.9998579669131196,0.00012358134635439316
29,0.05794535881188762,1.143174175690888,0.23391270145196733,0.06140245958945943,1.0039030087669094,1.0016042103659917,0.00010326029203612744
30,0.057362989647224555,1.1465095433842176,0.23345424067955192,0.08521512722652755,1.0034645709969787,1.0007930862337495,8.782069934974287e-05
31,0.06539777632103076,1.1417816271832366,0.24901343712142318,0.09187774470740084,1.0023428161198769,1.0010855176850368,7.055205741482529e-05
32,0.04852709084173368,1.1156457534937623,0.20349693753960746,0.08539121855800837,1.0005919740317495,1.0002229345701301,4.4835009971008394e-05
33,0.06592608474648157,1.1180569194132801,0.24333297640919466,0.09595451353508105,0.9994369066756412,1.0000414308519565,4.788822822243651e-05
34,0.08841942249575588,1.1148509754908877,0.2849008479108,0.12023240069311171,0.9979935277172752,0.9996360544576983,5.7298060967000016e-05
35,0.13947641210068,1.0419427431076018,0.33836911245321066,0.10737041998794186,0.9974856190901795,0.9985313637731243,6.593819569157748e-05
36,0.07021019553122439,1.0831153995987506,0.23779713190336135,0.09403643473604195,0.9973357803741947,0.999719151940037,7.097787999948562e-05
37,0.057000647842634436,1.2202872604944481,0.23788328276723222,0.06462137294482842,0.9987850660844244,1.0008924924996245,6.186841498600977e-05
38,0.06496128114595946,1.172212018143084,0.25335472795468317,0.08521406362665006,0.9993004725398864,1.0001027098579132,4.910332876552733e-05
39,0.06847587950744169,1.1392113827189887,0.25451938386293044,0.08534506917482504,1.0009585204512848,1.0010090099164675,5.0675453870870146e-05
40,0.09034757549960537,1.0413580422547624,0.2553035910107756,0.09875763200572311,1.0012836906265712,1.0000748575020326,3.811593662518876e-05
41,0.14616536427932036,1.0271745293193741,0.3410223553088443,0.13506159104221882,1.0018841574644415,1.0009825583825873,4.74142948838231e-05
42,0.05420403693024195,1.2178383730345297,0.2321324512817377,0.06101794529296219,1.0027166416600706,1.0014046203546432,3.544396545731367e-05
43,0.0666249889222714,1.1466096843268092,0.25253553497906217,0.09272403136925375,1.0012417260664779,1.0011790304260006,2.6668742730437882e-05
44,0.0881929197777832,1.1316521873781893,0.2890005264087201,0.07418991855054374,1.0007680667699468,1.0001474530286816,1.920230797435225e-05
45,0.17690770516675725,0.9853554227567582,0.36171140842813665,0.13711454033886158,0.9994964601413125,0.9997785276468989,2.6763976104344868e-05
46,0.045860732135783344,1.261833802314631,0.20502958203927307,0.0553699289921913,0.9985142890785148,0.9995203658914289,1.8351589946084606e-05
47,0.043925493973037535,1.2063123283924124,0.20948849400142294,0.05781529108926721,0.998196885130796,0.9993320188774806,2.193643196595327e-05
48,0.10545266979213766,1.092092971734346,0.30628165367676247,0.10447199636248888,0.9985641685605497,0.9992243270720256,2.9166404079313065e-05
49,0.06686982055233315,1.1146418211563507,0.24409755807164008,0.06753430243595684,0.9987921546860085,1.0000395395205155,1.8400029104585333e-05
50,0.13437675779508018,0.9991690077306505,0.30666490488927883,0.13690180973722244,0.9996285781967851,0.9997369477761908,3.064484382642948e-05
51,0.05535151423590155,1.1389375120229936,0.22720635190803365,0.05917083757082374,1.0003929712261368,0.9994756797096549,1.6045060227250284e-05
52,0.025111112648812682,1.1689918421146472,0.15540087921575746,0.08588044909514156,1.0003838476590428,1.0000715700039402,1.7353233927757856e-05
53,0.030702397404344432,1.2081822081859843,0.1750294045156436,0.06244186015148981,1.0004624148825725,0.9997123921931669,1.564284448366736e-05
54,0.03419145972482094,1.1683847488497672,0.1821861711239681,0.08544366357519873,1.0005078556226437,0.9997838817535731,1.346707168505788e-05
55,0.07430981741096146,1.1183682369549106,0.260088295895852,0.08766490985145738,1.0008983619289542,0.9995654190225876,1.5101110362050956e-05
56,0.08198697413430273,1.208982185629098,0.2861925480506445,0.08039610125834377,1.000250656414323,0.9995397707634944,1.1991590670046045e-05
57,0.10812922698164834,1.023892425455855,0.2776962684941877,0.09497264220469029,0.9995170866994659,1.0004610972080394,1.3163423079660795e-05
58,0.08339079802898905,1.028198190685236,0.2321093813743586,0.12478156901634109,0.9993193559491059,1.0010227684740869,1.714231750492407e-05
59,0.08777440841844875,1.0900231116118055,0.27509877600524757,0.08143604009660464,0.999290952343638,1.000764246237563,1.5587931395445366e-05
60,0.04297068964287326,1.1932670821038758,0.2071839879094856,0.07261711830391897,0.9995402952653829,1.000754943427026,1.5261339942185914e-05
61,0.07062410274491764,1.0942223812313072,0.24379306072484958,0.10360983389886855,1.0001510585583775,1.0002398953471965,1.4165495255790845e-05
62,0.05656644817596575,1.1553772215814662,0.23361313551154614,0.09190237407727085,1.0008073365680539,0.9997220210969805,1.587386401814684e-05
63,0.02511795266962759,1.2603139078296643,0.1465608748996567,0.045305539764853214,1.0005204422292158,0.9995612574919195,9.514058954731163e-06
64,0.03618917511498154,1.1539516281090139,0.18457677207846535,0.09583177706625819,1.0005958764259897,1.0000883140301928,1.377702652399816e-05
65,0.1022205095077183,1.03155076088575,0.27174482456622445,0.0966992264516883,1.0004711892740026,1.00018417010062,1.1367102044596868e-05
66,0.12454608159362635,1.0736990522014875,0.32953606131089735,0.11847491701176326,1.000199462351421,1.0001443789571902,1.3647452431173655e-05
67,0.0783660919079418,1.1310432619249453,0.2713133240200856,0.11445078543706576,0.9995139070606163,1.0008451704204466,1.4039116212973756e-05
68,0.06969876435103955,1.097191125275916,0.24316452042693862,0.08426513083363653,0.9992728457028492,1.000635633014726,1.1563454412740268e-05
69,0.11215265134143065,1.0470080342852632,0.29790268601100495,0.08199470512787486,0.9999270609678007,0.9999356021129792,9.943560006021105e-06
70,0.08555682167147592,1.109324749345572,0.2780911992895334,0.10034177243478892,0.9999919783388764,0.9999521089529936,1.0546794160712539e-05
71,0.045408955621686176,1.1967311898436939,0.2130684698681439,0.0765992908090373,1.0001087892033582,0.9994292901867872,9.764989605096135e-06
72,0.06636080949819706,1.1393576653411954,0.2503661794580722,0.07615459256199585,1.0001681306793577,0.9995040916020691,9.292889496891808e-06
73,0.1407076889714096,0.9380817172693878,0.2685263458460209,0.11252975683547473,0.9999927546219752,0.9994929003496194,1.0372943993584e-05
74,0.09729781574263069,1.090513117480136,0.29207934294046045,0.0761586111610748,0.9999075828873243,0.999386726113576,9.572618105935132e-06
75,0.03413767583486065,1.2668994209922473,0.17222673089554413,0.0758988414494319,1.0000564590200542,0.9998053071083581,9.64707965057392e-06
76,0.05183849726029894,1.177582296948905,0.22657421747988088,0.06938013576925467,0.9998822977041872,1.0005207341397586,6.782359150702015e-06
77,0.11944363532753768,0.9826499762682036,0.2687052524598426,0.11080951157660074,1.000090985535091,1.0006014826273424,8.981181750783966e-06
78,0.06326605982744612,1.0898498481115064,0.22612582631059325,0.1319239242618943,0.9999984085817684,1.000364123856888,1.1454173933708256e-05
79,0.1048280521237582,1.078716658815197,0.3001970976030099,0.10987053643014415,0.9998945820545833,1.0001202374824287,1.0586553786491809e-05
80,0.06945786710293361,1.1313001531232723,0.25443683215935897,0.12435839396131182,0.9999398640499839,0.9998297970052736,9.658275797945637e-06
81,0.049509037518261106,1.2155223103942607,0.22196398897758646,0.07887167279174362,0.9997976408740312,1.0000111747130593,8.299544320915669e-06
82,0.10895348070228987,1.0579907384905305,0.297971083802235,0.10163201102656622,0.9994082237537294,0.9997406008658722,8.356554641203468e-06
83,0.0702909776767817,1.162410936861785,0.262446116256212,0.09302115677850545,0.9998901236359143,0.9997919689487091,7.6071203871805086e-06
84,0.09995839025327487,1.0629128841726916,0.2848954657270741,0.09640793494391872,1.0004598572467207,0.9995906487005751,8.653557859625177e-06
85,0.06124566892296622,1.1201530128248929,0.23424358688375138,0.07720117590353973,1.0004794665812227,1.0001915894141131,6.95658589226266e-06
86,0.07921008553397337,1.1399831866180952,0.2749690841791544,0.07627332848022385,1.000593263913585,1.000305260552566,7.0391132068150675e-06
87,0.08348680198038384,1.0929464388573655,0.2683771088565996,0.07271211689874556,1.0001832602006857,1.0003581028184896,6.4468836999397105e-06
88,0.0779298299600219,1.092300944953727,0.2575474022107706,0.09894864861498388,0.9998343664289939,1.0004167760772638,7.911664533004998e-06
89,0.05954278499695406,1.1628222265058783,0.2411649840174112,0.04503161736873218,0.9996214443733391,1.0002149802027356,4.863885564856215e-06
90,0.11451814017010084,1.0419677506035394,0.29923878939774956,0.12990018684076002,0.999689668831551,0.9999595502629414,9.524056501956677e-06
91,0.026321180763059112,1.1985974262445773,0.162231725246266,0.07745886963700785,0.9998051326115248,0.9997590573907866,8.087353976418027e-06
92,0.043370178467131884,1.1356583950730625,0.19806628387854433,0.10412551895648985,1.0000394414915101,0.9995084993910855,8.353310164739024e-06
93,0.05839344750300448,1.1575404629157777,0.23788773672489735,0.0655018543295264,1.000187485677433,0.9992972291515916,5.992950396664851e-06
94,0.06379818374157761,1.1939767373437151,0.252511063682002,0.0820935796011761,0.9998603981517505,0.9997067477048934,6.676673495509174e-06
95,0.041104309166629494,1.1820422572604854,0.2019449871530354,0.047638602291126736,0.9995712074693692,1.0005247465395406,5.080609126510918e-06
96,0.14298125917854623,0.9681993763326762,0.29874681097165967,0.1070132395268627,0.9999075410112842,1.0005966396590185,7.298024938456833e-06
97,0.05877605593840101,1.1735282855763238,0.24098805542334237,0.08633690240103858,1.0000346678571796,1.000613282802392,6.141714841552116e-06
98,0.08599744835474112,1.14528945640149,0.28810438437426683,0.07308596897745753,1.0003515556554292,1.0001228990448836,6.847822133933497e-06
99,0.07984464415555581,1.0594993657502103,0.24516147895981558,0.09368128991158459,1.0002840130960875,0.9997257861344002,6.516519852160985e-06
100,0.0768970729943688,1.0937188127513826,0.25612754316805836,0.08760239879914627,1.000171316195169,0.9993079421825211,6.3862087518601484e-06
101,0.1023587295996558,1.0482870709464955,0.2816767891501517,0.11532685604889534,0.9998699674466601,0.9996436458683458,1.0321172314565003e-05
102,0.05448314213779047,1.1242392573519804,0.22077904696347875,0.08574737063112822,0.9994897146235497,0.999921789202975,6.443310906990415e-06
103,0.09281693205091382,1.1145233543645188,0.292421994547307,0.07284404739033432,0.9996124047433098,1.0003220507052353,5.2206794916490255e-06
104,0.06780051868296182,1.1447020102686378,0.2544456336955249,0.08470695831345226,0.9999625111635347,1.0005930566347079,7.050791473307427e-06
105,0.06648585364917675,1.1508654551591446,0.253123643392008,0.08521845568504788,1.0005491849426842,1.0001990431845829,7.130841431091605e-06
106,0.03731171983803944,1.2042766963781963,0.1931149329929891,0.054652896412475366,1.0002442948114831,1.0002271664807072,5.236124148583933e-06
107,0.06042595336058115,1.1277078246760357,0.23494624781448178,0.08046799518245029,0.9999494320680545,0.999842231959089,5.538540646733859e-06
108,0.09924142244402255,1.0249920168330993,0.2619418859609307,0.08974895354381848,0.9999682334522,0.9994789703423468,7.665110715417644e-06
109,0.05445932018227829,1.1636960077830634,0.2305239408326845,0.06486851236794013,0.9997224393655766,0.9997513178732415,5.303435988567624e-06
110,0.06868641229311727,1.137994533634491,0.25464030136636495,0.07891655961222668,1.0000570383709346,0.9999096619513934,5.135395983407579e-06
111,0.09215670678944421,1.0960705256660979,0.2852285226142482,0.08752528362293427,1.000581143181272,0.999846705187377,6.1041416293836e-06
112,0.04495581503896619,1.2154600792323809,0.21146336573252467,0.05488399627858884,0.9999229900287916,1.0004857172937744,4.59421672103323e-06
113,0.09274885563607749,1.1223758003587085,0.2944881616624124,0.08806742097336981,0.9995474243872783,1.0005910845615635,6.1906819313467e-06
114,0.0987759362930196,1.0940743323402113,0.2958980110747878,0.1006145341529483,0.9997303209952857,1.0000833423013398,5.6265832339870264e-06
115,0.07269342266790611,1.0990527300906716,0.25000605656069935,0.0671976671528868,0.9999813942653075,0.9996840895862268,4.304872772869097e-06
116,0.07444206688414526,1.1130256492059094,0.2586067888280886,0.11486144254926711,0.9998394474196659,0.9997627391955458,5.796011613441383e-06
117,0.11434632501425145,1.0769866032171485,0.31498247981985644,0.10523902668912588,1.0002295139324489,0.9995663078472405,6.663272993605633e-06
118,0.07410664918199941,1.1401015966518049,0.26555371232816616,0.08700190373782718,1.0002387497703138,0.9998445555587077,5.632706595333261e-06
119,0.09344786576932355,1.0931583637989764,0.2864134580209736,0.0972108436383346,1.0002429824991501,1.0000013664518361,6.160767964994916e-06
120,0.058316684159705034,1.1184924540483094,0.22731729026090725,0.07887185537349276,0.9997373295316234,1.0003324970981078,5.366107653606606e-06
121,0.08670540382311802,1.0872265593545563,0.27200641859873476,0.11202659426987349,0.9998199197706658,1.0004031012850292,6.314919652278888e-06
122,0.09791479543245167,1.1110842894489736,0.3000145387184571,0.10805644873930319,0.9999807806596949,1.0001206305143384,6.8407209164116255e-06
123,0.11997344950864186,0.988045277465113,0.27394997356426853,0.12494292966520737,0.9998558980617044,1.0001167812640936,5.708793743893048e-06
124,0.028819360097250453,1.1741732396979376,0.16778648655376152,0.06468583681181435,0.9999259501560371,1.0000373900066555,3.3479494662243395e-06
125,0.1404815348421954,0.9848828835441048,0.3069301107936248,0.116408164616849,1.0005907695637737,0.9995380942131586,6.813810934133344e-06
126,0.06272783873003576,1.0829595349423402,0.22142565726834684,0.0834644944888963,1.0001814422365598,0.9997850266917545,4.657240304200668e-06
127,0.1120287571651405,1.0839515175188104,0.3139449875962058,0.09596094813362013,1.0000202156338918,0.9999127744818307,5.1642171753032155e-06
128,0.1397342587842448,1.0195481951356353,0.3273703532334136,0.11835425344901646,1.0000098304527105,1.0000761892770744,5.672926805668164e-06
129,0.07277478791512339,1.0881142357809992,0.24547162183865553,0.09876797716383948,0.9995922082052335,1.0003385836920438,4.655215365517901e-06
130,0.10923680905620033,1.0771130950876837,0.30681519043703825,0.11280820894080093,1.0000380091167371,1.0000038367003095,5.657435560392009e-06
131,0.11550128233771148,1.051806612552731,0.3058430161192722,0.12390880781376701,1.000045208039303,1.0001282418648325,5.174568169236176e-06
132,0.1312938770718895,0.9916943510605265,0.2964836817967108,0.11814310516028452,1.0001182302000868,0.9998795926709788,6.012006107361788e-06
133,0.11433896183947934,1.037828056177846,0.29671395385163263,0.09858597582003553,0.9999252571450233,0.9997297856499696,5.206615461411094e-06
134,0.08284451039771974,1.1695668747538221,0.2862137146359166,0.09624593747211528,0.9998951710209761,0.9997705949885389,4.483978030404027e-06
135,0.05215549365224649,1.183926793392838,0.22780937014941813,0.07849710585478678,0.9999418086960936,0.9998795188812286,3.655373538814106e-06
136,0.10284710043192705,1.0877996756631587,0.3004299290819459,0.08685366916535003,1.0000220888846094,1.0000085413569892,4.536245169353527e-06
137,0.05090997941491563,1.140211679705679,0.21756675815205498,0.09200156933601394,0.9999071090930685,1.0003417651275845,4.191850454966556e-06
138,0.05156813969409409,1.1632776613797624,0.22409722768522095,0.09520717957402038,1.0000980885779562,1.0002352395281888,4.2084152926264175e-06
139,0.09842444739852439,1.0419722980812276,0.27101965467655303,0.10577756777746461,1.0000688002996916,1.0001288095288716,3.9603797966456096e-06
140,0.04684241880999168,1.1519706936613587,0.21103452513590532,0.0786878672216722,0.9999556653342471,1.000088012911013,3.3743283585730294e-06
141,0.07798188650346198,1.1130779772525856,0.2653797210048862,0.10636424183718525,1.0000645030870783,0.9997640496076375,5.21443287494655e-06
142,0.08068010431147095,1.17757859808078,0.28315604243101916,0.07851661604233245,1.0001505123218297,0.9996802493936014,4.068225062392933e-06
143,0.08406255652551362,1.1389550653321523,0.28343610918308754,0.08387512327607899,0.99997856943748,0.9998575849376194,4.448806471039894e-06
144,0.057582018421064494,1.1905283041761618,0.23977543197341766,0.08682816568329851,0.9999182742156821,1.000144075138019,4.762124613631501e-06
145,0.07530588639315326,1.0895350312673484,0.2512037826009193,0.07048779042648048,0.9998628132153176,1.000186835171144,3.668303763440885e-06
146,0.06468846512797259,1.1666840517076698,0.25214772693681115,0.07261850899388143,0.9997130529352309,1.0004157758883552,3.651795469232174e-06
147,0.03466204722183985,1.19462846372559,0.18609986948600699,0.06981143588032304,0.9999192393262266,1.0002402794305694,3.2397183714638457e-06
148,0.06102200446108216,1.173288757752388,0.2455778221467504,0.09812790516520087,1.0002522018714606,0.9998266827369542,4.726833057994734e-06
149,0.08578059507519334,1.1338942297346093,0.2853253833101511,0.09186844349574716,1.0004879181313666,0.9994455030225895,4.785172806484758e-06
150,0.10231093900397033,1.033162816670281,0.27290338438440354,0.08295710534636477,1.000097704517617,0.9996547004996317,3.605411465882643e-06
151,0.019478492553156656,1.2379180917665975,0.13431557430564037,0.07403042647327673,0.9998486178463094,0.9999817839430402,3.736888255232773e-06
152,0.07637185048582212,1.2156083115435814,0.27591338900513984,0.06502869747145681,0.9998046192372773,1.000130118225755,3.286427898765728e-06
153,0.042530808648094914,1.1627007252617165,0.20282883641833638,0.07218989644217871,0.9996849470760424,1.0004463834276653,3.5869276709322094e-06
154,0.08080858268533156,1.1367269609809814,0.2771372654071264,0.1098592904187035,0.9999096845679432,1.000236784657429,4.134128930881062e-06
155,0.06061056088423704,1.1232417103295522,0.23392023674266393,0.09656481830827718,1.0001033453669743,1.0000730340682107,4.869336074236404e-06
156,0.040587608649435475,1.2146388797706607,0.20093103331529474,0.07524763224117924,1.000139707466567,0.99973049857905,3.169934352975733e-06
157,0.08094403960802225,1.1137265543686232,0.2711105012598185,0.06240944243450687,1.0000551129607111,0.9995852171174242,2.8293562114930105e-06
158,0.0663188028684313,1.1555688607393642,0.25366244184899717,0.09942655970391445,0.999840689390538,1.0000061885139382,4.232763741011688e-06
159,0.0571377649631268,1.0994595423386007,0.2168624717949278,0.11598236947488477,0.999796578488191,1.0002373963497808,4.966335731298632e-06
160,0.10967876157494091,1.050199368250739,0.2953616323276705,0.08253254297995896,1.0000222768739282,1.0002040893141506,3.845119713875126e-06
161,0.09393469258019531,1.0743956931229972,0.27956789898683954,0.09130263348623616,1.000066540166734,1.0001662834480278,4.05302273451016e-06
162,0.11386604790225455,1.0800839142276568,0.31541422964449317,0.09480049290947813,1.0002054213083058,1.000042798328906,4.401306547470721e-06
163,0.06638732673136699,1.0850014205282394,0.23057019674147353,0.09381709999599061,0.9999476623349517,0.9999923530978254,3.782544234171727e-06
164,0.1406870376473004,0.947345988547543,0.2772236146766794,0.13083760739937167,0.9999467048496218,0.9999626304254621,5.560987817858093e-06
165,0.03611525176539673,1.2080929173229216,0.18986764712714618,0.0710680506222342,1.0001201101019155,0.9997644734689661,3.3029002578615623e-06
166,0.051465252532355725,1.160229627555137,0.223346229296732,0.07435771821645833,1.0001785849068443,0.9999153361849986,3.1866884199306647e-06
167,0.047106926331925245,1.1756198488363803,0.2156675609608796,0.07812506052079476,1.0002468250445347,0.9998656283500343,3.7710349569538296e-06
168,0.041556076783582876,1.1770795045551439,0.20256033857278366,0.08777880776199438,0.9998491111784822,1.0002122161268827,3.6909424458576287e-06
169,0.038788106023631884,1.1866958575297464,0.19649702991758877,0.06010247545521166,0.9997918724670787,1.0001664656586637,2.3050329305790925e-06
170,0.06053085314124147,1.1697493476084018,0.2441633225321974,0.0629161304335018,0.9997737049931178,1.0001031534865399,2.3101162318259637e-06
171,0.06950440016027863,1.138415607944551,0.25634300285739947,0.06964721625167772,1.000049806856086,0.9997866701069511,2.7701490685254697e-06
172,0.07275765108693732,1.0968655518487576,0.24924066206198842,0.07925144897966847,1.0001376396727855,0.9997701513736725,2.9066377702391892e-06
173,0.04201375378232271,1.15155989860645,0.19916647748175406,0.07268009197374213,1.000089740627486,0.9998879940752651,2.4606815266528414e-06
174,0.0826627354545163,1.098384749216312,0.26895545619590167,0.1073360760600034,1.0000083789614194,0.9999614943740767,3.884513893205632e-06
175,0.041689046688433505,1.1641841019900598,0.20101304430407715,0.05705167613998688,0.999823351642346,1.0001498073063457,2.4157782181591543e-06
176,0.03621769491876658,1.2273038331721753,0.18834055893979534,0.06251085793213212,0.99986091869556,1.000195310112496,2.947111808177842e-06
177,0.11025644004469921,1.045748252165037,0.29404558047968593,0.10289125376033562,0.9999290957051262,1.0001354649322811,3.4934922732564857e-06
178,0.06118835411294059,1.123807730747083,0.2353360657706054,0.07989736949810783,1.0000588813948474,0.9999703383503274,2.8366644906936916e-06
179,0.0726336515504551,1.174087663369796,0.2682576685097097,0.07445379374540068,1.000111700074574,0.999858367856226,2.564655278100696e-06
180,0.11869253986105513,1.0341690636845788,0.30198113206597166,0.11499253153437874,1.0001173134679737,0.9999174737225145,3.629796004765801e-06
181,0.07497180718603424,1.0975515289359494,0.2539214229204453,0.09327424325949606,1.0001508585247236,0.9998651069009125,2.894472897891111e-06
182,0.05855670222159597,1.1468366237586256,0.23607272201879195,0.07878461601996295,0.9999373536749231,1.0001364156479506,2.7566852230393986e-06
183,0.04950787792468195,1.1803626261678364,0.22163534535288074,0.07721663433451922,1.0000146820959612,1.0000558663989567,2.516396710413577e-06
184,0.05380227934826124,1.1695063793252203,0.22993996574493306,0.07776179943288862,0.9999350754055367,1.000068108800264,3.0599622893836337e-06
185,0.04256370615265204,1.2138067595392248,0.20584716091845556,0.07321536454732738,1.000019494234851,1.0000440157006998,2.5885489529949562e-06
186,0.06270592875798711,1.1328994635707295,0.24125384431675168,0.08693998387266676,0.9999538542376372,1.0000125815160457,2.93712797746977e-06
187,0.10511577290663265,1.0887411370801723,0.3045278485896018,0.08193423620465519,1.000118052967998,0.999901739728408,2.776180820557314e-06
188,0.08819245932232928,1.1092800948140487,0.28277611639496314,0.05860758308407683,1.0000124936464043,0.9997893697991969,2.612196350968166e-06
189,0.06562724031847608,1.0948558965764956,0.23360633832827313,0.12610790595366067,0.9998999295709446,1.0000037161620068,3.652659987973427e-06
190,0.06614464254003578,1.1740993517216978,0.25587844173592156,0.057342117546710696,0.9999505192619387,1.0000557776024943,2.201359606618374e-06
191,0.04113679892047411,1.1802865451206337,0.20186172307733935,0.06280420882924885,1.0000423691561418,0.9999344498921442,2.3373440853935897e-06
192,0.07022443637694081,1.140465871790009,0.2582249017474367,0.08148678318440772,1.0000757030977145,1.0000579789503032,2.407274380979274e-06
193,0.03819868926717261,1.1776884486790036,0.19416708461836663,0.07785671025572993,0.9998473977371879,1.0001353055679676,2.7195627199759397e-06
194,0.05727875849083218,1.1602472794498728,0.23600521350751966,0.06536493905312486,0.9999914683945934,1.000008179287077,1.889696575164094e-06
195,0.07731332966460121,1.1434397065691346,0.27223928658096197,0.10346195212585345,1.0000205185803441,0.9999627824107248,3.3713504460985337e-06
196,0.060881606886230996,1.1936083468616467,0.24665913844219348,0.07728129827253516,1.0001918381735977,0.9998623328208663,2.307934479898415e-06
197,0.06032937233123534,1.1095901755049224,0.2283755896483165,0.10728560697903956,0.9999345947740851,1.0000181803475792,2.6018788395567196e-06
198,0.09698811189144227,1.0822739191098139,0.28832039259907905,0.12367795519630093,1.0001930850485126,0.9998555836768144,3.298119254589682e-06
199,0.08086297844478828,1.1856160646814584,0.2840000863163473,0.09530869791835937,0.9999731609266446,1.0000998041655498,3.1821847551670477e-06
200,0.10489030102327,1.0740060837517218,0.29835516547248836,0.10981462523056748,0.9999744881982278,1.0001142323294943,2.9327575934642773e-06
201,0.0701970459307388,1.1197011720091488,0.2524858840933038,0.08759477366763153,0.9999036125147309,1.00006777778172,2.2487657250575792e-06
202,0.041802865638937314,1.2163990145037826,0.20379870742444564,0.07517733945404395,0.9997115038152231,1.000194313498361,2.481436724174241e-06
203,0.0819466602806786,1.1356180722543687,0.27892938464953365,0.09360951115076302,1.0000953491300097,0.9999336255595863,2.603946740567423e-06
204,0.027089363512484452,1.1668222547389526,0.16120974111717246,0.07232718935317073,1.000141901074917,0.9998687940224444,2.010081174602082e-06
205,0.055777002382854345,1.1073355266034752,0.217233203028228,0.12418106097037576,1.0001673194164713,0.9998105951880121,3.325509580431812e-06
206,0.06514831056615152,1.1147804127409913,0.24059491902100444,0.05830124722460073,1.0001712979831812,0.9998459221153941,1.7454832064256293e-06
207,0.07976686453254722,1.1697823502422011,0.28080908059331683,0.055814432820403,0.9998914511737782,1.0000741665330901,1.8431998305479194e-06
208,0.104345693897027,1.049621162724275,0.28588786872255395,0.08657427209207894,0.9998223905984029,1.0001587487756187,2.571390383261479e-06
209,0.046629619372423534,1.153794189861717,0.210937479215344,0.09414931057425062,0.9998161534138729,1.0002030224518346,2.2344164782015977e-06
210,0.04226577356151685,1.1580315597952178,0.20125705661652704,0.0784499290225846,1.0000214890016668,1.000041513635101,2.0750346497214487e-06
211,0.047067075421154306,1.200713002043928,0.21694826687221191,0.05880416585732392,1.0000968869315279,0.9999008238349458,1.6550383176964174e-06
212,0.07920542847918723,1.0939668966120073,0.2606959664541992,0.07607053582655182,1.0000114282080497,0.9998265076660369,2.2539609551948767e-06
213,0.05113436263197175,1.1164311598656234,0.21012042502175368,0.0752495755794266,1.0000163671218956,0.9998467010880195,1.8579244363361774e-06
214,0.0527842655629973,1.1522617696535127,0.22473384082322767,0.10496202280508501,0.9999921229083157,1.0000606486845962,2.7715223200848885e-06
215,0.06935419578176262,1.1161822961043875,0.24965729756256907,0.07309492889816395,0.9999246303137045,1.0001114775668647,2.206918487917403e-06
216,0.06470800083502994,1.1174979036975514,0.24062706234861436,0.0888157256047182,0.9999763542880794,1.000165877759127,2.1806207514207047e-06
217,0.08298043547675955,1.0791086195467885,0.26146833241005135,0.07618651415781728,1.000275541016954,0.9998731349696739,2.075558334706209e-06
218,0.05305826103500333,1.2302330932246304,0.2283510373527855,0.09454728518185979,1.00014545707577,0.9999738846138914,2.48489808801698e-06
219,0.09563520700846277,1.043211012767121,0.26655654242983334,0.13342230349853906,0.9999477942634982,1.0000020672357484,3.0178803351379044e-06
220,0.09869061185141371,1.0958808988516395,0.2963946640206259,0.11470336497596847,0.9997876392311332,1.0000273168698768,2.7767571450147232e-06
221,0.12094486944746705,1.0161555840018042,0.2952051295982221,0.15167890121494138,0.9998424355505615,1.0000922899728932,3.161264620669258e-06
222,0.030215824073007692,1.2573821171393242,0.16408258606878684,0.07106612722886052,0.9999540677226885,0.9999513287507754,2.165459572009022e-06
223,0.0995722289470292,1.094235800050344,0.29729806110938334,0.09691341258103618,1.0000598715876916,0.9999638855144856,2.581663981808322e-06
224,0.1086074508586726,1.107102082741561,0.3161920362066644,0.09542820844395011,1.0001585332001004,0.9999049147374645,2.406720027506857e-06
225,0.08643963950729763,1.1319950636438412,0.286033120589344,0.09965077689678911,1.0000911664751444,0.9999645786292823,2.2064414250329047e-06
226,0.06897201116804198,1.1163131507626365,0.24893473187364915,0.08931226377541404,1.0000943667618785,0.999956403139922,2.169975919195623e-06
227,0.025860245042351356,1.2258010616563804,0.15872784723059272,0.08469061199897243,0.9998639571559669,1.0001456506754707,2.0773296640595892e-06
228,0.06088969331250867,1.1282891086718327,0.23610849665057942,0.07755025274131336,0.9999215345871254,1.0000598657878679,1.9186831801229307e-06
229,0.0837619567542578,1.1364938926020378,0.28236308112240227,0.0754677216872397,1.0002023661791781,0.9998680300700292,2.1496479972784384e-06
230,0.09339520793518362,1.0948049120419356,0.28693061708344997,0.09685265888852423,1.0000511463279027,0.9999765085941678,2.2384789312182386e-06
231,0.054807778436753135,1.2007283125845367,0.23410943590550015,0.08278001287346703,0.9999103979686106,0.999928583208626,2.0017540848476936e-06
232,0.08359856459674518,1.1351916309305774,0.281777250521245,0.09293974613305014,0.9997591358477783,1.0000242794795793,2.0983994222741595e-06
233,0.04660026042546629,1.14182672068402,0.20788485854230934,0.0869738551037181,0.9998323615548257,1.000087059789548,1.5587935301247532e-06
234,0.09226785800431087,1.0378394599585246,0.2568497307815155,0.14796311437038062,1.0000318928465686,1.0000871962203068,3.3055230930413168e-06
235,0.05299650459909631,1.1015666301900304,0.20810421258958836,0.06382971614426018,1.0001609919198446,0.999955743208134,1.3009417524622428e-06
236,0.06700931887628479,1.1124328742442766,0.24360069427120212,0.11491534307588783,1.000255865080979,0.9999425550763308,1.9113754468499308e-06
237,0.07772548823902739,1.1143080995776176,0.26529674584695884,0.12244502416172802,1.0001221831240132,0.9999917678379638,2.30840419971252e-06
238,0.1168095481258578,1.0306490602341336,0.29686661440961115,0.11225339966925571,1.0000027790075279,1.000013341313065,2.0575250922304994e-06
239,0.0767208093564482,1.0966511810504738,0.2569821252219347,0.07890003779244326,0.9998341687257677,1.0001201588209785,1.8294604085347772e-06
240,0.07992362743356046,1.123776930121642,0.27223823040759143,0.08223087283051615,0.9999366074426481,0.9999362966994458,1.6956422590317949e-06
241,0.08529783082809464,1.10751722190563,0.2770284289946764,0.08160498861701647,0.9999610911370735,0.9999098418835586,1.6112783675458726e-06
242,0.03575296244051188,1.2271928802789618,0.1871189343858256,0.06047735250661401,1.0001010823687504,0.9999489637211006,1.4096959028321703e-06
243,0.12552548551883716,1.0764046018938367,0.33203861128203255,0.10784845658429491,1.0002382424351073,0.9998599058752807,2.3703715420272055e-06
244,0.0988639811605766,1.1122458152682406,0.3019323871154803,0.07454486499648288,1.0000503511553163,1.000035397095706,1.7833388604722116e-06
245,0.0703487770555431,1.1130792092678123,0.2505863763082508,0.10186640497088853,0.9999159849420456,1.0001047455677903,2.120273404488809e-06
246,0.10227931134173601,1.0814797475417952,0.29703912199616844,0.10570549403839297,0.9998966571891451,1.0000926260444714,2.110272476939147e-06
247,0.09447788698618513,1.045550982046153,0.26575057254390216,0.11516356279459353,0.9998904745256598,1.0000212007726672,2.103186562357693e-06
248,0.05413565730481754,1.134062061272022,0.22313185296351323,0.0826433246687904,0.9998672722149418,0.9999514591886718,2.17341921123197e-06
249,0.026895273431548766,1.1602601017743899,0.1591100265683551,0.08574565113557384,0.9998619891514215,0.9999845354199945,1.336598423651478e-06
250,0.01993685028613511,1.252639067156602,0.13101894952025403,0.06415804710039855,1.0000694763735707,0.9999359197910747,1.376162699754343e-06
251,0.07876475386161425,1.1371962564130969,0.27353322508773914,0.0917050094909147,1.0002143537247665,0.9999297564312002,1.8426184981632914e-06
252,0.11398603018577663,1.056116179783241,0.3054234037846749,0.11115769280123114,1.0002283301581625,0.9999353731498166,2.0886191399971537e-06
253,0.07948512525464871,1.1218786414778341,0.270891416427125,0.13074043781439598,1.0002561941131844,0.9999333535890229,1.910340588955319e-06
254,0.09466733485483567,1.068986660510285,0.2783932872397834,0.10182792880319311,0.9999889451444937,1.0000696811760772,1.735041576695688e-06
255,0.04132420166454129,1.2284470797301896,0.201283259351048,0.06465579378233396,0.9997208960052417,1.0001340881016523,1.4824384267997675e-06
256,0.03865411062265741,1.2032681495064406,0.19657928400212002,0.07612168501824283,0.9997782390908883,1.0001189504388626,1.4922674797239404e-06
257,0.08669939210680143,1.0686099098649209,0.2635071498167026,0.09275670324417877,0.9998946035611491,1.0000069327698042,1.831657502916955e-06
258,0.04340427876082543,1.1770148747252764,0.2070650753802723,0.0856943635821717,1.000019055868091,0.9999200003343458,1.7334692844239594e-06
259,0.06624564202931589,1.1225588158532074,0.24545567611869484,0.0926416467655698,1.000257870200581,0.9998103736566463,1.6088372845235512e-06
260,0.07518089447718015,1.087842324677518,0.2502029901060454,0.08573405654798395,1.000218399545122,0.9998929667341587,1.4085431031231543e-06
261,0.06441550381679872,1.1024201937948876,0.23429398743777174,0.07192976876757942,0.9999683264919227,1.0000757171212298,1.2688280704200638e-06
262,0.0845793867187891,1.0687761337890942,0.2595374101619761,0.09412008343417264,0.9999278539226016,1.0001162735114333,1.6381865607217314e-06
263,0.08187644904577154,1.1477817072153549,0.2813355385807028,0.08742261231720275,1.0000703245260973,1.0000351275205621,1.3675934540809408e-06
264,0.04476636283134304,1.1740116106770366,0.2099784474504451,0.09359909303470205,0.9999342782062486,1.000029740324304,1.8058041783542034e-06
265,0.06428735373004442,1.1148565591071544,0.23882616339972743,0.0753358943666814,0.999931157818889,0.999991523162441,1.1878737619065142e-06
266,0.1466009397475794,0.9732516714124957,0.30852246940015526,0.12099803736051068,0.9999324699744471,0.999973282791972,2.1105582863225936e-06
267,0.07500167948080798,1.1971269355324097,0.27384924571795094,0.08415519659934338,0.9999971232845984,0.9998884330152004,1.560108237276208e-06
268,0.07265566751797402,1.1179647582456176,0.25676033921969327,0.10315647909659123,1.0001120431493429,0.999950459189654,1.4832062082677917e-06
269,0.05358856085837009,1.1506520848220267,0.2261710305854797,0.047364695976225515,1.0000281099602846,0.9999654282557545,9.04985966668194e-07
270,0.07936602814454485,1.1298240107647886,0.27283941130700357,0.09246380708460201,1.0000724511486105,1.0000267589511105,1.4317052093273362e-06
271,0.0582634269971765,1.166727274092294,0.2390739210199247,0.09167107163977281,1.0000450016902196,1.0000382959801164,1.2996005958245632e-06
272,0.14497865456236714,1.0415738459142156,0.3462366128850418,0.10269526526866182,1.000014815705212,1.0000641414434897,1.6161848103280644e-06
273,0.08266574944756827,1.086963238665859,0.26436419322352916,0.08681382077957531,0.9998735120874944,1.00007186859597,1.3375929233967705e-06
274,0.10836593275944516,1.0956998830211213,0.3122297283736841,0.08702088847117653,1.000115365300962,0.9998680477342254,1.5077332798126126e-06
275,0.09580260689989434,1.0367186603787606,0.2629482813752739,0.08262991109272891,0.999934575378728,0.9999775737017065,1.235317758899879e-06
276,0.07082281121698765,1.094633113382059,0.2443780130789104,0.11830660599658786,1.0000283890077184,0.9999851641120743,1.714503353778488e-06
277,0.13348404657064053,1.0624405103767725,0.338469230012695,0.08941815731768038,1.0000017203898808,0.999999171564844,1.3719851044916852e-06
278,0.05905996676947905,1.1697597187293665,0.24113374122839706,0.06995560540542334,0.999998700229489,0.9999801302722241,1.09993484613619e-06
279,0.06920967467346494,1.13779380187857,0.2556169853553248,0.11053564052093874,0.9999834782560948,1.0000370577842332,2.038659801164581e-06
280,0.11067117245148825,1.0606206338606543,0.3020671247691625,0.10938664885300758,1.0001080803693005,0.9999247551499553,1.6879773666542373e-06
281,0.08392650589538858,1.1116362304778333,0.27589551300875537,0.10997841108844861,1.0000139230113896,1.0000396709164434,1.603285768775977e-06
282,0.1297414367296896,1.0171336268976694,0.31032452989500836,0.09765925788919483,0.9999810236327419,1.000001171573091,1.2463530922970315e-06
283,0.033578741055342365,1.2333193309234736,0.18019032816363645,0.053309299758376824,0.9999783254030877,0.9999919767251778,8.878435429334072e-07
284,0.08117701931408458,1.0792874129151773,0.25808036745003055,0.10450232028127539,0.9999600950956121,1.000029935364234,1.4570230912362944e-06
285,0.02514706014888353,1.2156039882830254,0.1578086393303904,0.05463145623695825,0.999971886880431,0.9999716235051557,9.051237489397431e-07
286,0.06681039074328574,1.0845296206143167,0.23125087885323267,0.08873868534869997,0.9999256428972836,1.0000460480897733,1.3257419581930661e-06
287,0.09874710583985613,1.0375115270425637,0.26896949535469095,0.08226432780109912,1.000159253845942,0.9999318902369527,1.2564459490259917e-06
288,0.07038699527038342,1.0847678512272418,0.23897392856204075,0.07080752575966826,1.0001027511205494,0.9999914996784542,8.627220966612368e-07
289,0.028179432905351666,1.2312715021182932,0.1649288302595485,0.03918034585610196,1.0001184886131007,0.9999251089793667,7.00983428649242e-07
290,0.09946255141820742,1.0872568366964577,0.29453610524189167,0.10655074222236946,1.000114731399969,0.9999160643759335,1.325545556252396e-06
291,0.05453216475488567,1.195023841157163,0.23346817598098785,0.09838592142630911,0.9998807868945117,1.000027837101104,1.3402167011941802e-06
292,0.12532690132461152,1.027234522591605,0.3089967275807588,0.11429996270053036,0.9999542078543335,1.0000373521475125,1.348484328123424e-06
293,0.03954111350644425,1.093738415483883,0.16807610127016576,0.07971248756831176,0.9997103158405332,1.0002057811021108,1.3344389357363342e-06
294,0.05195859956375373,1.2230000851754261,0.22678091415002025,0.0824394922233177,0.9999539266195783,0.9999872788140567,1.2622958018146037e-06
295,0.11619618211727888,1.0257583505897945,0.29297784375275454,0.10088571669608984,1.0000945224682196,0.9999310795162428,1.2798076443747934e-06
296,0.08694731364100208,1.1158625878835475,0.2826096170885222,0.08816385056438289,1.0000546963900867,0.9999365456448248,1.385242718114239e-06
297,0.13194300535536146,1.0618840196056385,0.33595679017916097,0.10995448812650763,1.0001093837710322,0.9999745334589889,1.6447581059409442e-06
298,0.11875927641107176,1.0720327515712529,0.31997444276593434,0.11507412896014413,1.000155708476842,0.9999647637128033,1.5717276870433044e-06
299,0.05746479141463072,1.1396788942621614,0.2320046299412347,0.042255482447935276,0.99988554583812,1.000024502966792,7.303025968633028e-07
300,0.15163442092940876,0.9646987687180264,0.3102704197883457,0.15436068264653688,1.0000489004121347,0.9999871180199525,1.8090959676956979e-06
301,0.05034965306603248,1.1815129298078086,0.22362439739391696,0.05449199474792975,1.0000875768594635,0.9999914185468565,1.0191948980344743e-06
302,0.09499204881611024,1.0810875693368986,0.28434463551369266,0.08009513776694206,0.999988491927752,1.00000864843351,1.0904488629053592e-06
303,0.058973427002943064,1.1718050570144327,0.2412021198417417,0.06671333191917662,0.9999073925750868,1.0000528050508883,9.576833754911547e-07
304,0.051974339839306785,1.1703576325461102,0.22604349612896438,0.047590027932425824,0.999966563360407,1.0000006845823188,7.748830224308844e-07
305,0.06455017392907103,1.1397195307440424,0.24681253687351232,0.07613319230134033,0.9999977324729497,0.9999523760829782,1.0597413700504594e-06
306,0.05550124404066781,1.2007974902722316,0.23558565051045513,0.06875218690937901,1.0000918963751952,0.9999041004874902,9.323499191479397e-07
307,0.03484952852766447,1.231770401502143,0.18395695468562523,0.04079154971458576,1.0000173758819515,0.9999967749052832,8.93884792332119e-07
308,0.0822045492787836,1.1691616361214892,0.2850500486894668,0.10993262091058437,1.0001231666084145,0.9999865318687963,1.433421275701475e-06
309,0.036441571877396224,1.1874649233061274,0.19048473371165955,0.09337378502839513,1.000007647389523,1.0000287031524273,9.952473092894161e-07
310,0.06934278313981695,1.1460485466874348,0.2577440718889477,0.11177456269592026,0.9998489742008598,1.0000945717294702,1.7231384024447645e-06
311,0.08362580240009007,1.1176867433810571,0.2772188963923308,0.10382071889829068,0.999796408034191,1.0001085808409473,1.3667892282687965e-06
312,0.11121298301896616,1.0593909669566002,0.302393905372815,0.07535338375801204,0.9997651590733885,1.000021277003844,8.838943273319173e-07
313,0.11871156849789974,1.098384031847756,0.3292199099917463,0.12682811144792228,1.0000273738693155,0.999916684077685,1.4379408347901849e-06
314,0.061577009284891744,1.24404804004996,0.24420640040467873,0.09024182719751953,1.000258094488761,0.9998898579133687,1.3454038561691492e-06
315,0.046668964333201626,1.1395507385572907,0.2074001954897664,0.0686352551302877,1.0000229525748692,0.9999901235697586,1.0035039302882492e-06
316,0.17550158352469336,0.9844933838911933,0.3592470849422712,0.11929122670481906,1.0001944844443764,0.9999454564035597,1.389850534848995e-06
317,0.10951169251214435,1.0410076691961037,0.2902294279901699,0.10596473679250261,1.00012756570374,1.000061464747596,1.0386187530252797e-06
318,0.0936587951640636,1.0722175577683912,0.27808349332069987,0.14355802201029078,1.0000916408148177,1.0000406776833053,1.3363945415066303e-06
319,0.11677289200965094,1.0946924434869163,0.3250895209751549,0.1048060314876049,0.9999429918776898,1.0000712776449807,1.3903038949756303e-06
320,0.1300074004292645,1.0583134783833072,0.3315604279579649,0.11092918818703874,0.9999047599672726,1.0000328124936204,1.2633758168628403e-06
321,0.06268284660701846,1.19305093757318,0.25026895067750793,0.07951831208792855,0.9998681005946749,0.9999701371143304,9.465185712438788e-07
322,0.06517029754949594,1.1058311495281181,0.23728151176065476,0.08416105499498966,0.9998610432969687,0.9999791724258208,9.32687853209692e-07
323,0.06245010305282272,1.153040910205395,0.24544844067762323,0.09667648089752387,0.9999992998423608,0.99996260710812,9.907408211172334e-07
324,0.09135046621492929,1.0439838643576063,0.258861781095168,0.09655961254895665,1.0001577181221624,0.9998911576800362,9.922380819087587e-07
325,0.06270774459874999,1.1826764859583447,0.24981519220002346,0.0958580287382938,1.0001623432086086,0.9998980826291817,1.0206063901851859e-06
326,0.10827394909923517,1.0458795733396202,0.29072466817242565,0.08623394605694476,1.000037990380052,1.000025508156226,1.050129069327981e-06
327,0.0598441246914351,1.102244790590758,0.22424993568644994,0.12574881451219422,1.0000086857053985,1.0000509852495751,1.006941343211254e-06
328,0.08405549087356387,1.1295592256547429,0.28123580592426595,0.1021858824584604,0.9999460847867105,1.0000749771048763,9.649333059847256e-07
329,0.08186119265867321,1.0590835320685565,0.24900548779390683,0.0809219094457965,0.9998916640952789,1.0000162152731522,8.772918214331908e-07
330,0.08503164631527105,1.1697254840870177,0.2900260188821105,0.07345491483020802,0.9999239061953427,1.000005423589019,8.372899306934635e-07
331,0.0874408994624896,1.1397368510988746,0.28949826215385244,0.09387543196865365,0.9999992060528788,0.999920022362589,8.556909746226507e-07
332,0.11195753363459367,1.0844942151949635,0.31403174080019985,0.11458084125830331,0.9999721292972914,1.0000119693360134,1.3081162338798757e-06
333,0.05790708621900625,1.1356809932491663,0.2318838973596181,0.10707854671806893,1.0000424692449819,0.9999992952158716,9.734906571485113e-07
334,0.15216803412154298,0.9556022788137829,0.30403581674499375,0.0977633122802317,1.000057841936421,0.9999964644648771,1.013673165052183e-06
335,0.09185964370737035,1.087247776881519,0.2813300029765499,0.09294557272856409,1.0000460677826333,1.0000352698856796,9.314425005926919e-07
336,0.053020741581523825,1.1261795454157597,0.21810839931551146,0.10621354903600497,1.0000199355125723,1.0000560783989196,8.214525340050992e-07
337,0.11028952792338566,1.015911082279096,0.2764069270042524,0.09371109229682781,1.0000159412552168,0.9999970194759619,8.999797715279869e-07
338,0.08713974757675744,1.0728167087039102,0.2663909730766977,0.0774753231642043,0.9999133382125791,1.0000471290885673,7.455101528254623e-07
339,0.07140228100126908,1.0980384764312405,0.24699417112973057,0.08722090884044126,1.0000350799690723,0.9999360639731678,8.140743787955479e-07
340,0.04171689164546001,1.1355391567771405,0.19380836827227324,0.0696455142702342,0.9999287727483532,1.0000310881526757,7.724096863647038e-07
341,0.04288428245120758,1.1843196419164412,0.20649068245121313,0.07329597487303746,1.0001275045395124,0.9999347125287265,6.882411212711454e-07
342,0.05740735184935461,1.1095164885796263,0.2218559828498907,0.10420018653050014,1.0001633756677455,0.9999114796034205,8.884102709566421e-07
343,0.07610486230068286,1.1340884475572537,0.26788154665525427,0.06126536441807455,1.0000374176244016,0.9999388724427252,6.516858812903167e-07
344,0.06875930067726486,1.107305453271005,0.2452896521695163,0.0906312385519332,0.999975570750276,1.0000435906645448,8.222528691215509e-07
345,0.0747376284624611,1.1762180049853366,0.272345438660875,0.07744211072308692,0.9999574082902001,0.9999838437152019,7.216199213002847e-07
346,0.122248838793685,1.01483365036726,0.2965843132310704,0.07982148007112325,0.9999481520867324,1.000026788143793,6.902625219796608e-07
347,0.09289150530333035,1.1301018754807874,0.29665762958747893,0.08745016234551677,0.9999440155952058,1.0000482872740455,8.299565159335615e-07
348,0.11413043856726715,1.0454401776553435,0.3004025483295612,0.12924382976179755,1.0001038297201827,0.9999329254592609,8.841161004465904e-07
349,0.024912873588273852,1.2277822328680394,0.15537378814504965,0.05521665216219878,0.9998711216174095,1.000085594563438,7.082597121504729e-07
350,0.05201896606072706,1.1719190637364938,0.22634138235454532,0.052380387452798424,0.9999110709131,1.0000152892763592,5.713125486169717e-07
351,0.05159857227424326,1.1456519040535618,0.22055577552557368,0.07052021984440535,1.0000332114631834,0.9999806900873076,6.623552751776127e-07
352,0.07904711424859209,1.1078906044329742,0.2656369105011481,0.059675200807292425,1.0000671801975187,0.999958231176542,5.276274258570162e-07
353,0.09564615660381205,1.054163347613695,0.27272297454560224,0.08558826372364929,1.0001265447545722,0.999934358515917,6.579566913332844e-07
354,0.12066946430886044,1.0495686611813304,0.3131131882326167,0.09814458086076552,1.0000712916408077,0.9999584806293682,7.964889072164776e-07
355,0.10023608594021877,1.0512103951309535,0.2794597135927583,0.11191927970761902,1.0000778659177523,0.9999592124683958,7.901785286214596e-07
356,0.13413705770336565,0.9252618281586484,0.2421899799878036,0.11539421100169348,0.9999791422284413,1.0000314134497876,8.230144921365056e-07
357,0.08568082239902142,1.1355391197308098,0.2855268978755863,0.07104895194797896,0.9998587305693551,1.0000844341817356,7.903487055131768e-07
358,0.051204376175412514,1.1338886352818254,0.21641085117635472,0.0960828714585513,0.9999085330763062,1.0000888729497848,7.123638655248706e-07
359,0.07392880682861955,1.1090878106953326,0.25624943978066644,0.0763935317491645,1.0000183670214398,0.9999848710980718,5.276546434904896e-07
360,0.03629054658751713,1.1802520775700969,0.18947442807562181,0.0942405833995962,1.0000078103795769,0.999986147602585,7.252635674408401e-07
361,0.08869123415166394,1.0629967705723764,0.26442643951650874,0.09282805108432705,1.000158020371128,0.9998695093069713,7.3626880556476e-07
362,0.050851953486890776,1.1731336281356342,0.22389762225276236,0.07537211206881983,1.0000578207915582,0.9999654863310314,6.29929573931182e-07
363,0.06169042811984156,1.1110615707140616,0.23190596192011637,0.11104395413554918,1.0000397751552295,1.0000242912036224,8.741897220451137e-07
364,0.13117629866443326,1.0450849126990072,0.3273799113722856,0.10778220464138913,1.0000174719850174,1.0000001541947365,8.020833499024273e-07
365,0.02816614327572289,1.1961287744353295,0.16778304876586997,0.06950677340864092,0.9998601919797632,1.0000757940065315,5.435180031751471e-07
366,0.047153898413950124,1.1769426056874426,0.215921856956121,0.06677029566901115,0.9999144720359079,1.000044459950121,6.670085772403852e-07
367,0.0696694137321808,1.1058641481017675,0.24659247749642238,0.06129431691089235,0.9999267124509966,1.0000382877509255,5.161751244262253e-07
368,0.15273289383593872,0.9731597064751726,0.3182394789363763,0.12608809262031148,1.0001068883302529,0.9999497689680528,9.115812581649596e-07
369,0.09572505743689658,1.0898481512839875,0.2891221533489946,0.10143367689003431,1.0000641621387136,0.9999507792303626,8.104181715096431e-07
370,0.03681795685578736,1.2234364220306444,0.19044338960248292,0.08467195649341154,1.000060855352437,0.9999709190969974,6.334905767383197e-07
371,0.097172440867495,1.0785680826083355,0.28710054517279326,0.09908133922222673,1.0000995909272217,0.999891656367839,7.267563916719653e-07
372,0.04290427575611565,1.1757999874451444,0.20571492509155734,0.06157262686798076,0.9999757374067939,0.9999970613547515,4.743035433863094e-07
373,0.03425774860545232,1.2355529798850484,0.1816417570432928,0.06613258724514992,0.9999046939355922,1.0000341378913205,6.324971040836003e-07
374,0.08145066219077782,1.0718860463524744,0.2550244493495304,0.10436752508944647,0.9998963129460978,1.0000627748949733,7.305546281317209e-07
375,0.11133614402910838,1.0315926773790816,0.28805400802836517,0.09480431363988445,0.9999774277194285,1.0000559237946631,6.175556897183636e-07
376,0.07438353270538464,1.1163752130514193,0.2595966527567627,0.08129922645788701,1.000035653040169,0.9999910665786631,5.59067391121278e-07
377,0.11718588771954405,1.030910043257789,0.29764822387809664,0.11818825198230212,1.0000123425607335,0.9999865082612795,9.070675645325355e-07
378,0.09026157841269761,1.0512857050420419,0.26104717697108515,0.12659805970934224,1.000012931210983,1.0000454456050463,8.283282018265429e-07
379,0.07008334830136577,1.0484909889956788,0.21709067443933508,0.10747468789615172,1.0000346598260612,0.999966336921563,6.957332957688973e-07
380,0.06944950891280008,1.1171420663026033,0.25016807383381917,0.09553730478755246,1.0000266104728759,0.9999870276192796,6.570474702264166e-07
381,0.05618498900222403,1.050378155569371,0.18384310402872767,0.09190390662781117,0.9999574661406492,1.000003191261651,5.772483130067351e-07
382,0.07124845776381633,1.114545729393236,0.25287550169899514,0.08961999207983588,1.0000147694535415,0.999959544313571,6.039363799381707e-07
383,0.1254877232184637,1.10360097994278,0.34087379627558995,0.10142185222703,1.0000824746545938,0.9999326232651821,7.163138965064004e-07
384,0.0632779871216681,1.0680305320054084,0.21415424336789898,0.09056081331822295,0.9999100527506746,1.0000899310100342,6.686415232529176e-07
385,0.044814979342390766,1.1807050003348825,0.2108143179032678,0.08145933050345648,0.9999658915831118,1.0000529681183612,5.697293832070669e-07
386,0.1259312037838366,1.023555355239852,0.30789362532988823,0.10466147369934828,1.0000487980293844,0.9999951980053059,6.600520227142295e-07
387,0.06241494075564613,1.1133366372334281,0.23431687181938296,0.08565861824053575,1.000104685071594,0.9999159867951908,5.890414582108187e-07
388,0.10192909093665851,1.0531708043020651,0.2834965107535114,0.11137110511659681,1.0000539984232875,0.9999799038902931,6.617940223603332e-07
389,0.07323977711021536,1.1162437997477457,0.2573415411814596,0.10635344564141946,1.0000607890623094,0.9999353503883506,7.211870753294516e-07
390,0.056328929818715054,1.2453757124744484,0.23295916017886104,0.05394386571926699,0.9999597176490624,0.9999929126337579,4.22491100387481e-07
391,0.05308515445567852,1.110341474449912,0.21224160342298956,0.07806274472638652,0.9999255537567574,1.0000453752905585,5.028301183960137e-07
392,0.09508667612735662,1.0834535280476942,0.2854883387186793,0.07659515622130583,0.999938948607578,1.000024554708836,4.4584757007344624e-07
393,0.10572392787113748,1.0343384447337045,0.2797859357156027,0.11229467306136202,1.0000327637606645,0.9999976890261458,7.1536342607557e-07
394,0.045717228603248665,1.1235418658098428,0.19967818819458497,0.06051223069144844,0.9999922706150901,1.0000204165656288,3.478736520752482e-07
395,0.03424214729696155,1.2137374335929811,0.18453569994439453,0.08439028065104531,0.9999962913417175,1.0000031283165136,5.661272372378547e-07
396,0.056079565012741694,1.200616682839173,0.2368104281924685,0.10140966486449214,0.9999896136201653,0.9999992610084418,5.814317283984792e-07
397,0.06364691332479723,1.1493826079234415,0.24715337097101947,0.06056427925932317,1.0000204345042947,0.9999581088856064,4.161826812824533e-07
398,0.04315557463651729,1.1478447035533028,0.20108554347817795,0.07347347027921772,0.9999992014421609,0.9999776111773223,3.893160248120572e-07
399,0.08726708776809411,1.1260532899018614,0.2860051855278347,0.10121758545421297,0.999993510108868,0.9999977644291007,5.684944815621139e-07
400,0.020923889109143008,1.3056614768631292,0.09879036296626782,0.06946688267252638,1.000001139746327,1.0000537995093366,5.601238506837261e-07
401,0.12926395430680318,1.0083742930632305,0.30420968825639566,0.15114079168469444,1.000001887549912,1.0000411318812574,8.318733121810987e-07
402,0.09275684495309558,1.093816535697985,0.2854503664239351,0.09782278314098788,0.9999844792590098,1.0000245993928663,5.170359458218836e-07
403,0.08446334935237437,1.1192004968344034,0.2791680199538659,0.10542421255610203,1.0000283911131078,0.9999941488900385,6.27560503335965e-07
404,0.05907230216651276,1.174144392055513,0.24166874853091172,0.09285740479056975,0.9999945537953048,0.9999783275936568,5.687836703609538e-07
405,0.042195691846453075,1.132451985654634,0.1939921474016977,0.07548328284859503,0.9998789799352532,1.0000195461020809,4.350929312516096e-07
406,0.034555936792190586,1.2313550272328309,0.18322880334917305,0.08691472837131284,1.0000320102650049,0.9999870743742296,4.682649089411812e-07
407,0.05534031013228209,1.1452136552670016,0.2287766650716887,0.0518442326202513,0.999982751574909,1.000037346840071,4.081755516691215e-07
408,0.04998728399141471,1.1651265962427857,0.2208418538729659,0.07377523353395188,1.0001154983752176,0.9999743633680185,5.279752602278925e-07
409,0.11252511849513064,1.085479374144894,0.3152937351603684,0.09671589173734998,1.0001186731839837,0.9999720904096445,5.317508982280991e-07
410,0.06735747020077941,1.1382085839289366,0.2520700023720555,0.07850285152452721,1.0000899476615959,0.9999480583191218,5.004864050985696e-07
411,0.04450626220265916,1.1728931043985185,0.20921633505423182,0.05232781056487923,0.9999667008544988,1.0000031498613233,3.5599849529388253e-07
412,0.06520361793294657,1.2413460942214787,0.2519803835330302,0.06116900579950016,0.9999397688821454,0.9999882167358284,4.7401221838681686e-07
413,0.08750232422973096,1.0573196431573533,0.2591228201784983,0.07928736074431397,0.9999281509391708,1.0000410237037705,4.0637276479082683e-07
414,0.04146510835818222,1.2270379607124648,0.20182679023491346,0.07351974188856185,0.9999358254186538,1.0000183200330417,3.782165659047578e-07
415,0.05922712188277657,1.114675612127121,0.22791855294368885,0.0790987700107629,0.9999751554673578,1.0000401284138705,3.940950004683894e-07
416,0.06599006506377245,1.1814415631440893,0.2562140602256378,0.0831072308427468,1.0000558943575997,0.9999789381161126,4.827930871711247e-07
417,0.07729519421278075,1.0872124551280646,0.25411445738636,0.12015866615864956,1.0000354858302194,0.9999840333853326,6.481777750781101e-07
418,0.11905927106802291,1.074946223255726,0.32159107196223063,0.12363560006545668,1.0000464670856428,0.9999660651034332,6.424199583461228e-07
419,0.05047456925206047,1.1142905608111096,0.2076739201119875,0.07600676997277325,0.9999126093331185,1.0000012931659379,4.191306166410588e-07
420,0.08367742291745633,1.0619531510579512,0.25420559652226343,0.10362499872235445,0.9999404346827003,1.0000167542033678,5.111387759507438e-07
421,0.04386049113268156,1.194457464239854,0.2093555993762011,0.07718482922078888,0.9999276034982598,1.0000343210309135,4.4398606545836385e-07
422,0.04570256845142688,1.183728909016771,0.21316147784428416,0.07820267525530918,1.0000053688745134,1.0000049013356824,4.4128831264995794e-07
423,0.041192851535667284,1.2205201647491246,0.20192020812641934,0.06089495851150992,1.000109357736774,0.9999214325727506,3.924519567057853e-07
424,0.05641726872647079,1.111486101536614,0.22041450869695153,0.050109008151635145,0.9999496833000477,1.000036447163358,2.861165658965676e-07
425,0.05029861277083955,1.1392437358883227,0.21588720550342072,0.06916175938058194,1.0000814623241583,0.9999981531487816,3.6419554579300853e-07
426,0.047631368097914795,1.1453129220807408,0.21128342750742848,0.10515800244882992,1.000109890037631,1.0000006794158827,4.867280915605769e-07
427,0.0680139255560483,1.0985781776022008,0.24026554830298086,0.08897537094487748,1.0000010569496303,1.0000651633618194,5.79622552819941e-07
428,0.1070572851323698,1.106641636254185,0.31359447910706806,0.06945295999769394,1.0000228412977115,0.9999842002461932,3.724640580909477e-07
429,0.07454164362677897,1.1747365935464762,0.2718517996922942,0.05071896149125689,1.0000198045118742,0.9999502655585828,2.925203750471475e-07
430,0.07731201368762027,1.1124086531551158,0.2638934728137096,0.09186008909622043,1.0000300494113437,0.9999555427710045,4.651839406574295e-07
431,0.15860588131888978,0.9993714974663468,0.3440262761192389,0.12455309176607453,0.9999840305964669,0.9999790901512924,6.629522877607194e-07
432,0.017854061238744123,1.2755258443619155,0.11022660901012744,0.055548810432357626,0.9998626196832918,1.0000802504640174,2.738292301641002e-07
433,0.05925698354721976,1.1357935137270567,0.23480738214772348,0.08561063268725538,0.9999610736067172,1.0000204501011412,3.956635051018983e-07
434,0.05718467548105988,1.112542300490043,0.22256644623426852,0.07110498720926223,0.9999522098924092,1.0000502337165647,3.288134449099603e-07
435,0.07305244792564705,1.1362996880198057,0.26266844805284156,0.09309381744623227,1.0001259577104173,0.999940785377905,4.576784637784388e-07
436,0.0507241608243222,1.250474770347432,0.21949135532120037,0.06086616213436184,1.0000446301703438,0.9999518159392619,3.3219587699062324e-07
437,0.07061809623277573,1.1115473246169343,0.25058774293493163,0.0715138662440879,1.00007213709118,0.9999840984728923,3.5411303870332946e-07
438,0.07636235731945223,1.1035266152192134,0.2589502642787846,0.09147799080656355,1.0000608191546365,0.999985097173257,3.9783381797679933e-07
439,0.04063830040062735,1.0920741056136052,0.17026537205222178,0.09932410892454246,0.9999330070074015,1.000072878035117,4.80144258490146e-07
440,0.10818867830726947,0.9971709837249562,0.2589383397469218,0.11789110207282251,0.9999609342337915,1.000021193551197,4.673275208299059e-07
441,0.13270701176502409,0.9811593380528842,0.2912314737261625,0.12418078643262064,0.9999804028822743,0.9999688315419368,5.15485982915167e-07
442,0.07334912284048913,1.108127988467876,0.2547717633742269,0.10979655184522544,0.9999362670307987,0.9999986924091115,4.924717362436724e-07
443,0.020081173619489884,1.2319892723822332,0.13805019568798932,0.060744182855869966,0.9999208747098061,0.9999849617084349,3.542453017941614e-07
444,0.039678212863701004,1.2229204398118718,0.19787082440260345,0.05764384353743462,0.9999157658421836,0.9999788711831139,3.1527654224745766e-07
445,0.12197428698205581,1.0802009180923755,0.3280586275001546,0.08427812237218607,1.000071964177633,0.9999239681551173,3.878860946739213e-07
446,0.13724913560159552,0.9577227023953195,0.28026923091397576,0.11001811081205676,1.0000887179221978,0.9999895071666025,4.869857162354333e-07
447,0.03331124525342818,1.2136941665775693,0.18199920618849233,0.07173725439997575,1.000167766717899,1.0000389852073728,4.001932620995662e-07
448,0.06559192326478763,1.1189437739015329,0.2429440442039075,0.06210113143830451,1.000025920581575,1.0000659924348758,2.8613116650184217e-07
449,0.06776923513876291,1.1732654628656678,0.25894882752626275,0.08743592469430775,1.0000541032271737,1.0000286459283576,4.385749762216193e-07
450,0.021655929631640626,1.23745501559568,0.14231320610899412,0.055342150684042954,0.9999858278914092,0.9999688734493751,2.8053469530325545e-07
451,0.08294394501023679,1.15294574310559,0.2841299682069089,0.06914149185588489,0.9999741796329414,0.9999436958443659,3.085092606495864e-07
452,0.04875055069697051,1.201825412989277,0.22078771754865434,0.05040389464720739,0.9999585555612731,0.9999788592775773,2.3440447210448488e-07
453,0.06332512373543152,1.109089520711387,0.23464953937805955,0.05586632588842656,0.9999441956737204,1.00000187456001,2.16061066193942e-07
454,0.058270924011996905,1.1482570207482448,0.2357829190859114,0.0778149000374836,1.0000041780603453,1.000027265773788,3.1774758983517257e-07
455,0.048125497796959474,1.1500384685870384,0.21361024833395081,0.12561465314271758,1.0000023966739926,1.0000050870973294,4.982539011434587e-07
456,0.0468589393122287,1.1792224309582533,0.2154697878082021,0.06639871833942886,1.0000225840757695,0.9999868940659122,2.4788325061612076e-07
457,0.09859235846711178,1.1081097374761122,0.30024745357641525,0.09870771557971376,1.0000188078464214,0.9999840213470625,4.7412811591701186e-07
458,0.0901799108757032,1.0901839206038888,0.2795001528968555,0.10282486187492809,1.0000569522647895,0.9999622308963816,4.1124046460053324e-07
459,0.09249096673269062,1.1091057453412365,0.2902226680269309,0.07985457393589461,0.9999725819914969,1.0000301247243768,4.166048340799129e-07
460,0.04444165881236506,1.2083621152771968,0.21064598335596832,0.07137567671823619,0.9999440441422169,1.0000760478381474,3.5364530434345545e-07
461,0.07631780626806105,1.0972712592146596,0.2564461130347134,0.0820386906941831,0.999933942817627,1.0000536585345579,3.1941064214138946e-07
462,0.1331510562242742,1.0343408356683694,0.3251278119666923,0.0891584877887715,0.9999720158524886,0.9999942035741918,3.38297122638589e-07
463,0.1066984927569414,1.0486534087080774,0.289469682768923,0.1309889868708243,1.000055498011802,0.9999906890616996,4.818916255926514e-07
464,0.06499049431729614,1.1423269265862805,0.24832298965271993,0.10117575486119182,1.0000201270702056,0.9999939165723469,3.7302470301228224e-07
465,0.0681294657561846,1.1563837653755071,0.25734623896017816,0.07797394311872745,1.000014859897203,0.9999413022069967,3.126416668146327e-07
466,0.0896848845002602,1.0790415953925527,0.2739597513981139,0.08605084999728337,1.0000612927863968,0.9999457958060822,3.468964929974004e-07
467,0.11642392555924487,1.0295323971554426,0.2955752322088175,0.10632785667013354,1.0001108522081608,0.9999216155333812,4.044378761305928e-07
468,0.047878922797965795,1.1330969487067133,0.20833363035324642,0.06732139373109886,0.9999669818391326,1.0000323809999834,2.9894505334580174e-07
469,0.06159763443707049,1.1041999232650372,0.22895409275729756,0.0906070467310271,0.9999937225069524,1.0000251573768328,3.1443284934648116e-07
470,0.06329923627080355,1.1795829725649756,0.250763590439821,0.07497601123253497,0.9999334955792174,1.000050770622785,2.971250707814704e-07
471,0.07832812152570415,1.108583768489841,0.2645206808744675,0.09165322037121627,0.999979772533961,1.0000446161556082,3.531893321579612e-07
472,0.06750623824367363,1.1503414245789476,0.25502992118403817,0.09881684832421433,0.9999920049568131,1.0000310667074919,3.4316885819644977e-07
473,0.09974588798090832,1.0172275974008902,0.2575657843822752,0.1094136570219114,1.0000263172003059,0.9999675600984135,3.544600577764819e-07
474,0.06463152998103117,1.1661712741273678,0.2519665555243832,0.06099138877623822,1.000024410515885,0.9999465262229695,2.184043404590929e-07
475,0.04601219601616594,1.1803503982973642,0.21360263578426805,0.09012514352175047,0.9999949272484968,0.999975679525585,3.155107038813109e-07
476,0.057646879664524586,1.155779825115093,0.23599036577990737,0.08817736921651914,1.0000221787542949,0.999968670511602,3.05673835471591e-07
477,0.06380678248569116,1.1365307983723296,0.24449629727310965,0.09613560496236158,0.999988399509821,1.000010569619108,3.550176479808207e-07
478,0.11384008262791447,1.092494494154041,0.3198165815570091,0.09672376054217739,0.9999970318589361,0.9999975811842625,3.001907911838714e-07
479,0.04452212139134161,1.2086658342631518,0.210824625231691,0.049683010818752385,0.9999615444056851,1.000027730988134,2.1037822345153113e-07
480,0.08425614122213929,1.0651466669176217,0.2570422473086517,0.08735117004047377,0.9999774953380447,1.0000244927111386,2.8772303592601245e-07
481,0.07626203716212895,1.1041362940723793,0.2589829793159127,0.10173411785874516,1.0000322634646832,1.0000292726036184,3.4726051409962956e-07
482,0.03804875000236832,1.154346119235123,0.18964300885581734,0.09266772947381567,1.000007136422777,0.9999998705162616,2.36558711181145e-07
483,0.05236189824490181,1.158858288191039,0.2250983233822754,0.07227516651137159,0.9999813221139647,0.9999930497686267,2.604818792024291e-07
484,0.010703227085188312,1.2402087186565558,0.09532305079025186,0.06554782788644922,1.0000194750860314,1.0000094403487871,2.0172253277004518e-07
485,0.041920542284026766,1.175258660974737,0.20324469607693596,0.07274598771292604,1.0000116337376928,0.9999727102103863,1.94385770227453e-07
486,0.10297830104703154,1.1177508746784448,0.31018281645550266,0.09258711513002191,1.0000021759491522,0.999982174986962,2.806602531297291e-07
487,0.0835814202272288,1.1496179706234275,0.284680644019937,0.06687734832876505,1.0000013908693433,0.999971838577715,2.2635209111520424e-07
488,0.06085005970177067,1.1065012356274941,0.22827185152922383,0.09068619392346954,1.0000242787718376,1.000010009844062,2.562005296019476e-07
489,0.15036785053007695,1.0361248378186225,0.35144384781380705,0.12042453611701151,1.0000565097041174,0.9999897063951223,3.5839298625580125e-07
490,0.025273743132507166,1.2833538425142648,0.13537310310952444,0.07331145849904397,0.9999937270272159,1.000070192542963,3.025112370540321e-07
491,0.08719943629736515,1.0948793894630182,0.2759512456015495,0.11123013192586456,0.9999882870660866,1.0000259813624983,3.588650697637608e-07
492,0.08791888390264702,1.1862412793537502,0.29619179392975287,0.07217704184969134,1.0000303821767038,1.0000002883904824,2.717500299628861e-07
493,0.11637564688426807,1.0454661591845469,0.3041298016687378,0.07508678873516361,0.9999397963476482,1.0000033242769062,2.664026480365735e-07
494,0.04768051145719316,1.15312441414846,0.21326788033297703,0.060422276527252725,0.9999530009100406,0.9999814831880944,2.1265470642577597e-07
495,0.06670874880844753,1.219278094742143,0.2575598974848042,0.08027686827945117,0.9999808663116541,0.9999785220678004,3.0791776370447514e-07
496,0.06659313895725147,1.1414051539603074,0.2513160950743161,0.09932681507296562,1.0000255957747894,0.9999750720985883,3.331433513386776e-07
497,0.11063767396033743,1.1145286965846763,0.3214534605263647,0.0870443698362727,1.0000383058341882,0.999977494909762,2.968448019822822e-07
498,0.11009416276704811,1.0066230732216794,0.2696284928993939,0.11049036501825624,1.000022146839672,1.0000205749406161,2.7736216778653686e-07
499,0.056217615370759366,1.1253113358743425,0.2250315901572587,0.078056538949663,1.0000162308111822,1.000015741174867,2.2531796567993112e-07
500,0.0622629948356278,1.1663833598850426,0.24725071099311433,0.0796352224464455,1.0000249327813653,0.9999838145714954,2.2564086920249596e-07
