iter,loss,mean_terminal,std_terminal,avg_turnover,mean_utility,mean_lower_gap,mean_upper_gap,lr
1,-0.05990155933216174,1.0679941632938474,0.11483437416577917,0.01097427871634093,0.059907046471519926,0.6891915722502471,0.7514769646934611,0.0005
2,-0.06052104405561926,1.0707474502798415,0.13329702280635788,0.012111702360506373,0.06052709990679952,0.6788018983609572,0.7471649503462156,0.0005
3,-0.06980516326734741,1.0806118915111291,0.13443543205167172,0.014097850495025018,0.06981221219259492,0.6697517693692683,0.7409600109651786,0.0005
4,-0.07204011885040879,1.0841723574152442,0.14280585851307337,0.013085715000679968,0.07204666170790913,0.6599269752841965,0.7397200263884514,0.0005
5,-0.06367460439326915,1.0747214920057515,0.13912220735525258,0.014468393542843678,0.06368183859004058,0.651826034522395,0.7345998048428357,0.0005
6,-0.05037364556907753,1.061515164055332,0.14183030605589747,0.016197560825165276,0.05038174434949011,0.6445808267384525,0.7295291182652701,0.0005
7,-0.08475386852626096,1.0971071608755514,0.13632640105979416,0.014452485524729695,0.08476109476902333,0.6350930411222384,0.7288832951521087,0.0005
8,-0.07438462372491975,1.0889923912117219,0.15796145354751626,0.013764137552818669,0.07439150579369617,0.626927340150898,0.7271552029078259,0.0005
9,-0.06343028717746854,1.0789398975008868,0.17489193504612313,0.017011592182757503,0.06343879297355993,0.6212474527044776,0.7212412049105292,0.0005
10,-0.07007292951383659,1.0837067639399032,0.15517051921192662,0.014419950073723615,0.07008013948887346,0.6109391136531596,0.7218340876151018,0.0005
11,-0.0747871984674475,1.0904642873149206,0.1666572586533343,0.020956599425962348,0.07479767676716048,0.6102287869836122,0.7099405398807798,0.0005
12,-0.06460795812455264,1.0779936773998504,0.15674234679152876,0.01882355699555397,0.06461736990305042,0.6007233255795823,0.7102432406501625,0.0005
13,-0.08347592982057929,1.100527173293007,0.17260559423592844,0.01882300507334076,0.08348534132311597,0.5948941945929835,0.7058749898391564,0.0005
14,-0.0723005772432493,1.0879228937115788,0.16651252039498288,0.016973398441194196,0.07230906394246991,0.5847629600218078,0.7079171149579597,0.0005
15,-0.06416618081863189,1.0820020128154662,0.18427406519009,0.019483675110064304,0.06417592265618692,0.5802463947506977,0.7023666207571803,0.0005
16,-0.06655427285517906,1.0811355679833219,0.16175289621685593,0.01820855032635285,0.06656337713034224,0.5720276745196742,0.7017747759842474,0.0005
17,-0.0782603560426097,1.0968448391106347,0.18734059154421498,0.021185228862937153,0.07827094865704115,0.5710980222357287,0.691917471030718,0.0005
18,-0.07182321089726154,1.0894633946700645,0.17908329477237997,0.02052804345695273,0.07183347491899,0.5616696193711637,0.6934885375069322,0.0005
19,-0.07208486073818347,1.0908042240228224,0.1894979673272311,0.019669597701414555,0.07209469553703417,0.5567189227588569,0.6885850155424735,0.0005
20,-0.074684387016619,1.0911410809927427,0.1708062079191505,0.020757109563071453,0.07469476557140053,0.5502565179974316,0.6872341914886451,0.0005
21,-0.0831452857306969,1.1031086355455826,0.19071665343127586,0.020296650820779444,0.08315543405610727,0.5437311863876331,0.6844030855074252,0.0005
22,-0.04961805808059535,1.070689200243766,0.20723827040951245,0.02429901867276108,0.04963020758993173,0.5415430902546383,0.6779763681634248,0.0005
23,-0.06992379174072913,1.0921167002170677,0.2076439999565215,0.023671546518228108,0.06993562751398827,0.5340397692330541,0.6768815614551198,0.0005
24,-0.08748908296314815,1.1055302387126897,0.17617840665912035,0.023098519909914864,0.08750063222310311,0.5270374854977722,0.6757603888903532,0.0005
25,-0.11509978265278527,1.1395474002205304,0.1990645459485389,0.022663882146676237,0.11511111459385862,0.5214057482269221,0.6707106762655546,0.0005
26,-0.1026333801410762,1.1330418910421387,0.2413177973051795,0.023471444517392543,0.10264511586333488,0.5155575749900397,0.6677209232722888,0.0005
27,-0.09848818568079348,1.1265988842985184,0.23009392809141363,0.022006925348215776,0.09849918914346759,0.5081918536259393,0.6659027611401447,0.0005
28,-0.11770996422870808,1.1534353719068684,0.2618015680599481,0.025602550373097135,0.11772276550389463,0.5050357856860486,0.6579451452182956,0.0005
29,-0.13881332725638065,1.1728768440091837,0.24863171872208115,0.022597150045277944,0.1388246258314033,0.4938545438521512,0.6589506048324787,0.0005
30,-0.09579940237803902,1.1250907753454462,0.23383824484154253,0.027237086111867613,0.09581302092109495,0.4904047227435465,0.6526395663202441,0.0005
31,-0.0962434203967337,1.121399756525352,0.21541469830693677,0.02803140703289988,0.09625743610025014,0.48599023999658675,0.646759536965679,0.0005
32,-0.09172329577901964,1.1191247218258895,0.22968597915232297,0.029468033697402623,0.09173802979586833,0.4754421763785844,0.6482944370251855,0.0005
33,-0.10853749408246124,1.1445823574375518,0.2612691627907623,0.026682605819739004,0.10855083538537108,0.46641631078519263,0.6454767027825762,0.0005
34,-0.12324957143304298,1.1573488957216065,0.2499732990267473,0.03176074213763917,0.12326545180411179,0.46814527003230455,0.6314125574174143,0.0005
35,-0.07981929143955971,1.111922642716599,0.2639436130629523,0.0319913483115145,0.07983528711371546,0.45555327690895064,0.6374779812978667,0.0005
36,-0.11112115514632113,1.1474597602783891,0.2664465754432255,0.027891422246089134,0.11113510085744417,0.4488130013697491,0.6312031005651462,0.0005
37,-0.11310353797434905,1.1481487884245933,0.25192434991250595,0.02983012174828275,0.1131184530352232,0.4432256680518817,0.6267005428487673,0.0005
38,-0.08358918407937356,1.1177936544627212,0.2562291343497517,0.03169566459179274,0.08360503191166946,0.4317449706663503,0.6325315842678788,0.0005
39,-0.097184939091215,1.1314675622951573,0.26472485071415824,0.03212080712737131,0.09720099949477869,0.429704867435102,0.6199858959232667,0.0005
40,-0.12396232066737117,1.1725290548657328,0.30409323824447987,0.03264353327784885,0.12397864243401009,0.4221135111564406,0.6163981410874353,0.0005
41,-0.10001853574450276,1.1418073682468195,0.2893804836712439,0.0336377416157506,0.10003535461531063,0.4146171497941095,0.6174473998851797,0.0005
42,-0.08538095637704271,1.1264078711634309,0.2910490934825554,0.035621291595345224,0.08539876702284038,0.408827105915745,0.6135441657762193,0.0005
43,-0.09555385000609457,1.1310649717769334,0.26690548288984733,0.030688534733908708,0.09556919427346149,0.4008971600725645,0.6119131980301689,0.0005
44,-0.13530416004203538,1.1915829502509008,0.33860973909346603,0.03374396782598249,0.13532103202594836,0.3968269176461098,0.6009042650216789,0.0005
45,-0.16105994486004763,1.217520087616873,0.3240877541987759,0.035886251200137304,0.1610778879856477,0.3915499654253448,0.5965703785885432,0.0005
46,-0.11370333081825665,1.1551401598775848,0.28268779150720397,0.03664099000542725,0.11372165131325937,0.38467400236897087,0.5960852946232249,0.0005
47,-0.08782793651877355,1.1307943970501062,0.30601366586814127,0.041041062125878915,0.08784845704983649,0.37993502665093815,0.5912859102811889,0.0005
48,-0.1497855574832809,1.1970683435654819,0.29762671426690923,0.034360985702627474,0.1498027379761322,0.364003318891439,0.5952387081481013,0.0005
49,-0.10840470871138869,1.1569380346463374,0.3386774784209204,0.03626430774307074,0.10842284086526022,0.3658062491713895,0.5840037331991472,0.0005
50,-0.1250155790562425,1.185400439215888,0.3717615923019107,0.0428459190133512,0.1250370020157492,0.36188559014162147,0.5762625608473217,0.0005
51,-0.13790398347293836,1.1910026728364933,0.31406155965115545,0.03782215701499246,0.13792289455144585,0.3486397970135162,0.5796172520061679,0.0005
52,-0.14454344719015294,1.1953740084009556,0.31620055417813653,0.03758262954098532,0.14456223850492342,0.3420538570549332,0.5742089248414675,0.0005
53,-0.08768205424092301,1.1321782031532468,0.3030993369233473,0.041203456076816636,0.08770265596896143,0.3401952892231853,0.5676236549247147,0.0005
54,-0.1262549762586503,1.1850601337892535,0.3615769313437715,0.039486863919427705,0.12627471969061002,0.32594841900668403,0.572052579122849,0.0005
55,-0.13073171479376025,1.1910996143369652,0.36071097441943906,0.0469471059717942,0.13075518834674615,0.3340262737730362,0.5497433885439079,0.0005
56,-0.1725027675575088,1.2494728889348594,0.40515302529545044,0.03971548283267351,0.17252262529892515,0.31498381722457536,0.5556764312406363,0.0005
57,-0.10179875469631225,1.1541091452352605,0.34106553211881263,0.04150835067759175,0.10181950887165106,0.30600496701454727,0.5632997911679978,0.0005
58,-0.07606517195277361,1.1319109520973207,0.3559700224159363,0.04675598901961285,0.07608854994728341,0.3123967733014353,0.5466837084946838,0.0005
59,-0.12334041569921322,1.1824235940554475,0.34916133456226495,0.04835272740815861,0.12336459206291729,0.308278747484925,0.5356591913904847,0.0005
60,-0.1651980008526589,1.2366216206759792,0.388948282473825,0.04575412298978328,0.16522087791415377,0.2975115897596665,0.5342204021030243,0.0005
61,-0.12712974953026981,1.1748253594267002,0.3093662100719144,0.04907487581682052,0.12715428696817824,0.29514950003791973,0.5309891541282927,0.0005
62,-0.13739996710086563,1.1892871936153717,0.31917397436081457,0.04210053877532249,0.1374210173702533,0.28145977983011394,0.5345576252822781,0.0005
63,-0.16673918822611383,1.2367586187975084,0.38592015900779214,0.03919663649643243,0.16675878654436205,0.26853429382050464,0.5373386090015932,0.0005
64,-0.12819064682100226,1.1893672367499366,0.3615552818614735,0.04985367435529661,0.1282155736581799,0.27569846528487774,0.5231475916362156,0.0005
65,-0.12094099628974658,1.1941944298018767,0.41960054313978096,0.04794780779691468,0.12096497019364505,0.2696249606049423,0.5203944546143243,0.0005
66,-0.12524846964005326,1.1887157717088503,0.3694476562858635,0.05017900617243944,0.1252735591431395,0.265030519732286,0.5180053949534362,0.0005
67,-0.1698203987519335,1.2352047850741064,0.3618005564856262,0.04974968108897669,0.169845273592478,0.2569831564161067,0.5123579923989201,0.0005
68,-0.17763183243030498,1.2581698937291514,0.4176344400110747,0.04365302016578616,0.17765365894038787,0.24652127700110424,0.5128375228457498,0.0005
69,-0.13606706585592326,1.2083829148843637,0.39647268899080473,0.04958005263659241,0.13609185588224157,0.2496149212995455,0.5048302664309463,0.0005
70,-0.13707974991445582,1.228304878975528,0.4840907407671568,0.05108896709450514,0.13710529439800306,0.24128520669400866,0.5033275926539067,0.0005
71,-0.16100008799711268,1.2418814632852189,0.4211687747428461,0.05328547403723702,0.16102673073413132,0.24067933491041282,0.49365196452659954,0.0005
72,-0.1043124858689464,1.1709536233029136,0.3887789704762294,0.049801098390235984,0.10433738641814153,0.2282581381367968,0.5044942963229497,0.0005
73,-0.14315617156557098,1.2293552753981418,0.43735156305619743,0.051684624097439985,0.1431820138776197,0.22262775935261503,0.49702919721010286,0.0005
74,-0.18402089482562778,1.266890531703531,0.40682841948227766,0.052722729579648436,0.18404725619041762,0.22840238834889542,0.4752069621243552,0.0005
75,-0.18374289635165358,1.2712812660031543,0.42570681797963345,0.048147405435916515,0.1837669700543715,0.20504615751307623,0.495108260643184,0.0005
76,-0.18136408235439155,1.252569503747678,0.37374711033259467,0.044761680655238695,0.1813864631947192,0.20275067807409586,0.4888831609711099,0.0005
77,-0.14923712201655642,1.222455329311019,0.40452726241633913,0.05338037890938183,0.1492638122060111,0.21020514592823075,0.4749778704458776,0.0005
78,-0.15854897548998378,1.2268385252084677,0.3663385289655476,0.05766454628718547,0.15857780776312738,0.21271080005349052,0.46063914671478545,0.0005
79,-0.16674118154544298,1.2553283674416904,0.46646948832813856,0.05649662758131338,0.16676942985923365,0.2011548804416906,0.4647492479560519,0.0005
80,-0.2088890070458188,1.294107329123968,0.40490642972049595,0.05228628660197303,0.20891515018911982,0.19354839822950565,0.45937904692343745,0.0005
81,-0.20133130480378117,1.297209721370376,0.45097726155827506,0.06252946471478313,0.20136256953613857,0.20219568493122891,0.4407170816842618,0.0005
82,-0.13753761234277806,1.2237759678840292,0.4279844155199563,0.05403964489268247,0.13756463216522438,0.1872758757156625,0.4550453843913629,0.0005
83,-0.16455627947041757,1.2424135392438183,0.3892747113481745,0.06281550338525152,0.1645876872221102,0.1904865141319787,0.44430749182363527,0.0005
84,-0.18405616858278528,1.2708199988468578,0.434614947907214,0.058522567721450876,0.184085429866646,0.18882695173830358,0.43474392767155096,0.0005
85,-0.13144787385112514,1.2228224139533657,0.47907018393351297,0.06097783995298869,0.13147836277110164,0.17932842568682666,0.44274583635887627,0.0005
86,-0.24612288554620337,1.3501040193546523,0.4540583585018663,0.047320127100083875,0.2461465456097534,0.1670929801555623,0.4311519553495158,0.0005
87,-0.13909288348207632,1.240741954376668,0.5065760903077553,0.05896216251423464,0.13912236456333343,0.16751552838330236,0.4412153181339795,0.0005
88,-0.11740717511049016,1.191622334013806,0.4006316917950687,0.06664769731427268,0.1174404989591473,0.1857079110618996,0.42190632181236515,0.0005
89,-0.14212620075708,1.2321069506155697,0.4564391185229595,0.05924469949505115,0.14215582310682748,0.16470938765216409,0.42702569838196586,0.0005
90,-0.16415392723148592,1.2501310446914455,0.43458833530822444,0.06487617005642064,0.16418636531651412,0.16462149086766575,0.42143449291700524,0.0005
91,-0.1985170365651417,1.2833324667498727,0.4012696584492464,0.054154675453239154,0.1985441139028683,0.1548773539330785,0.42153390590632644,0.0005
92,-0.16993560070953423,1.2539758780582702,0.4293630544868664,0.060614254887240406,0.16996590783697785,0.16026826436414285,0.41107258087389625,0.0005
93,-0.17922631495742689,1.2687646169487454,0.4351017352150515,0.06368807515238455,0.17925815899500308,0.16723413300803686,0.40126679781192887,0.0005
94,-0.1638743501824976,1.2398366483054408,0.39651960273094816,0.05443487467263696,0.1639015676198339,0.14368245211457678,0.4179445629845525,0.0005
95,-0.10369313913228725,1.196160571407437,0.481446350005808,0.061677708038557336,0.10372397798630653,0.1519980637582835,0.41037322519199804,0.0005
96,-0.17232948678289475,1.2806133228819387,0.5105911054471343,0.059471242247887024,0.17235922240401869,0.15535117489699724,0.39559837979183354,0.0005
97,-0.20898097650737218,1.323320516873902,0.5246581360811322,0.049707567384498746,0.2090058302910644,0.1433006557649438,0.3930360897901261,0.0005
98,-0.16486017219751403,1.267778096378012,0.503910892385043,0.06537459764498812,0.1648928594963365,0.15782524218071403,0.3869655161372456,0.0005
99,-0.18298492589352164,1.2991145387042429,0.5424163660932496,0.06396912330915311,0.1830169104551762,0.16973335668662096,0.3667113128799616,0.0005
100,-0.1945198706810808,1.3104524433351123,0.5358407441609909,0.05498880709331503,0.19454736508462744,0.13933015944196334,0.3847155807050879,0.00025
101,-0.11166597308499934,1.19662051171105,0.4519165440940523,0.07686291310331043,0.11170440454155102,0.17130053127206715,0.3693970456487776,0.00025
102,-0.1251279414734966,1.2072349308967563,0.4495031793301545,0.06512803182300861,0.12516050548940807,0.14871775813375138,0.38059589409880484,0.00025
103,-0.14918687313606444,1.2458721166958497,0.4711159581921792,0.05888660015526588,0.14921631643614205,0.14857629264495664,0.37314208350420436,0.00025
104,-0.15550876230203958,1.2665977513348927,0.5252785680098023,0.06476307225373573,0.15554114383816647,0.1537744032623823,0.36514873341812937,0.00025
105,-0.16760708154219928,1.2657443022139399,0.46693020824994613,0.05895772601181232,0.1676365604052052,0.14207853393374692,0.36927955050362044,0.00025
106,-0.14411813319700895,1.2304592349461505,0.43576465233664036,0.06444806553620126,0.14415035722977704,0.1569955676455519,0.36586985450121967,0.00025
107,-0.15022343764388998,1.2358859273506266,0.44075806917276117,0.06296891822301537,0.15025492210300148,0.14577244727616395,0.3709917318705618,0.00025
108,-0.13826578293122255,1.2315350441324693,0.4807636806842452,0.062384898695910615,0.1382969753805705,0.14784687925561119,0.3683706480572285,0.00025
109,-0.17382451883168637,1.2595416570404183,0.42564660912541796,0.059290855657120264,0.17385416425951494,0.14999972042915577,0.35880419013440257,0.00025
110,-0.1405976330568091,1.2272133035274113,0.4636203763103143,0.06256016198157058,0.14062891313779988,0.15320085789443985,0.35743873322541575,0.00025
111,-0.1697940387659587,1.2577357139259457,0.4326554743351448,0.05891204557199324,0.16982349478874467,0.14426327236590025,0.354292417153412,0.00025
112,-0.17770739701834354,1.257378559431296,0.3973892998505326,0.062123016599283626,0.17773845852664316,0.15065233629518346,0.35203956353945176,0.00025
113,-0.16288154827327023,1.2476451500142427,0.41836156602816793,0.06710385534039748,0.1629151002009404,0.16218484076291084,0.3451837240784954,0.00025
114,-0.15599837105849523,1.261736660045582,0.5004112442180733,0.062393802005861275,0.15602956795949818,0.15455797899400456,0.3510746473649642,0.00025
115,-0.1616211390650324,1.2509038900711336,0.4575967077187828,0.06858737971425477,0.16165543275488953,0.17471410927496112,0.33844523035788754,0.00025
116,-0.15189403118972633,1.2576940185131216,0.5057273136765115,0.06602597499410369,0.15192704417722336,0.1591628337614054,0.3471635041460558,0.00025
117,-0.1873674758734096,1.2862699541999287,0.459605508733683,0.05303917922114805,0.18739399546302016,0.13639544148813854,0.3523207367881215,0.00025
118,-0.16035618098527696,1.2537225372419902,0.45775872107303806,0.0660932183507332,0.16038922759445232,0.15662173583741895,0.34549176882072524,0.00025
119,-0.1886311352919582,1.276912439545769,0.4318696603056189,0.061354218391641346,0.18866181240115404,0.1635278478632833,0.33693043278335455,0.00025
120,-0.1708509496222627,1.2526678076955158,0.4146923219036803,0.05824194708486652,0.17088007059580512,0.14823270467836747,0.3470845365345786,0.00025
121,-0.09934893050836985,1.1811566611276274,0.4237569502474077,0.07017932854699924,0.09938402017264333,0.173772988480998,0.33776411462299294,0.00025
122,-0.17789528213951256,1.283640101342789,0.5074553119150534,0.06505627704554884,0.17792781027803528,0.1755093252588668,0.32558061717653175,0.00025
123,-0.17611585994418452,1.275073070778216,0.5047309677596716,0.06585847591946677,0.17614878918214427,0.16965641923245423,0.3314309855174419,0.00025
124,-0.19886618853129304,1.299496553142287,0.48655651834782565,0.05721558866885533,0.19889479632562743,0.14419312376201904,0.3410691094298534,0.00025
125,-0.16229300714129283,1.2638281697071294,0.4957220019328999,0.06961950422621474,0.16232781689340595,0.17139163522212925,0.3296495442116064,0.00025
126,-0.18775307300781235,1.296837016427662,0.5019775336681369,0.057160835594840566,0.1877816534256098,0.1511477461355159,0.3326780172851565,0.00025
127,-0.1605813905285945,1.257159592561803,0.49069452802319385,0.06275863202661257,0.16061276984460782,0.16935494863336786,0.32788728798436895,0.00025
128,-0.14373741711821209,1.2544054401464089,0.5251278272038026,0.0632234744389446,0.14376902885543158,0.17403735755573774,0.32293884440168147,0.00025
129,-0.1604982134847987,1.2452651065382854,0.4273382086049369,0.06719803511522524,0.16053181250235632,0.17016562659016404,0.32477909263211213,0.00025
130,-0.1963164515530561,1.3228746949578956,0.5739089499035592,0.06039529385977803,0.196346649199986,0.16559315503081,0.3210605771685058,0.00025
131,-0.11536564660423465,1.1867483649406105,0.3969400019339744,0.06608144364920977,0.11539868732605928,0.1735249451830196,0.32632161670482457,0.00025
132,-0.1478303225435633,1.254547090566009,0.5015423307091649,0.06433558534761358,0.1478624903362371,0.16919124515878434,0.32022740392409427,0.00025
133,-0.18898742220301418,1.3036640492864882,0.5346992526357166,0.06454480356376574,0.18901969460479603,0.1744249559124812,0.31658328284540205,0.00025
134,-0.18097540805117973,1.2844243129533006,0.5012308099087877,0.06326186981817733,0.18100703898608883,0.17358725439929235,0.3191802634855063,0.00025
135,-0.16817973943826553,1.2742335357234995,0.5031268224222218,0.057448940744229814,0.16820846390863764,0.16466394798210982,0.32104660064687607,0.00025
136,-0.15886023347680583,1.2621692030079148,0.4889308151741728,0.0657055146187221,0.1588930862341152,0.17111817058322143,0.3225422175154,0.00025
137,-0.20802506251309064,1.321491392694802,0.5063682399808451,0.06245469150513696,0.2080562898588432,0.18126906110754215,0.31093670415218644,0.00025
138,-0.16935697993601584,1.2739441960873377,0.49429664045770255,0.059222200509531475,0.1693865910362706,0.16421437153677954,0.3201025745009337,0.00025
139,-0.16250260268618055,1.2468018081070271,0.4313796011351496,0.059968174126054395,0.16253258677324356,0.17128174348408226,0.3216163976402545,0.00025
140,-0.19255990020030006,1.2924163142495417,0.457105927384655,0.05864539546196586,0.19258922289803104,0.16688079941620787,0.32184217993541464,0.00025
141,-0.1405891335330974,1.2290067307108474,0.45383947630254334,0.06615824515399073,0.14062221265567437,0.19138528150542877,0.31223617448132157,0.00025
142,-0.1678122786028778,1.244388684675072,0.39046782368653377,0.06491110919374043,0.1678447341574747,0.19832050116786748,0.3063919357963357,0.00025
143,-0.1452514295036453,1.2569597878821623,0.5309279200165072,0.0610330600940516,0.14528194603369235,0.1786710313343029,0.3105990979161227,0.00025
144,-0.22515641001943867,1.3421096958079566,0.5021477733827395,0.0570362200680577,0.22518492812947266,0.18068713024214028,0.30773551625870676,0.00025
145,-0.16734927490170642,1.2584920540104125,0.45423647796692423,0.0568529479055391,0.16737770137565916,0.17742153449124268,0.3088985731913704,0.00025
146,-0.15113999728576166,1.246420624344097,0.4807379659504325,0.0598889886882729,0.15116994178010582,0.18303232430970148,0.308393508367214,0.00025
147,-0.1884066738051512,1.3004959698873557,0.5383352275581558,0.05849542358428259,0.18843592151694333,0.17409567060021736,0.311442332823359,0.00025
148,-0.18281198035668716,1.2996402123682846,0.5476223460299293,0.06089988252822966,0.18284243029795127,0.19251820583196838,0.30100746956021796,0.00025
149,-0.22663378615358656,1.3695715268749975,0.5907070261865388,0.0572023710057526,0.22666238733908944,0.19520863899846264,0.2947998482439252,0.00025
150,-0.13609959613116457,1.2265594617502127,0.4499796764992148,0.056970080658336295,0.13612808117149372,0.16947821660181245,0.3118703574690376,0.00025
151,-0.11763098919253434,1.2003192258498814,0.4394656857368277,0.06299132928629748,0.11766248485717751,0.19039175088849733,0.3042047838080645,0.00025
152,-0.15313121424477158,1.250743650727043,0.4729384211985456,0.06573653396757406,0.15316408251175534,0.20882025431433038,0.29709276542374385,0.00025
153,-0.2014885291813113,1.31736813696185,0.5031193597378102,0.06002579387704246,0.20151854207824982,0.1982121501163871,0.2955214219029787,0.00025
154,-0.17152373773076182,1.2588482692352199,0.42184204020657023,0.06829408457858138,0.17155788477305112,0.23440124777595633,0.28907855464035465,0.00025
155,-0.1765754223305895,1.2950107550268988,0.6006755031532895,0.06261953441774631,0.1766067320977984,0.21487761313516152,0.29227787708788,0.00025
156,-0.21626607082071148,1.3454072954338738,0.5502193322347464,0.05770408773774667,0.21629492286458035,0.18767076641112015,0.29439709410447795,0.00025
157,-0.1953859677697663,1.2947579914935243,0.47733750016379056,0.047730778128532304,0.19540983315883056,0.15571609523841964,0.304632691109378,0.00025
158,-0.2001260210373112,1.3051211778629301,0.484446088973384,0.06192587747292409,0.20015698397604764,0.2221508881396908,0.28948630329262187,0.00025
159,-0.15210782792364697,1.2511117752596608,0.5215320313142122,0.06491162684589594,0.15214028373706995,0.22840601330769947,0.28999582035122456,0.00025
160,-0.20740250114406605,1.3272630592852455,0.53088443580149,0.055667119928382275,0.20743033470403027,0.2064779518859704,0.2912523205912506,0.00025
161,-0.1638384325571532,1.2694351276918272,0.4954870122151653,0.05816869227022598,0.1638675169032883,0.20778451473475126,0.2924225900474717,0.00025
162,-0.1690944665243284,1.2541592263778958,0.4337594929750659,0.060276723531073564,0.16912460488609393,0.22207551876511955,0.28915271362882355,0.00025
163,-0.1714793309876897,1.2948399838950695,0.5523103453104832,0.06442602415915646,0.1715115439997693,0.2390837836554495,0.28120211655931765,0.00025
164,-0.14732341876221433,1.2329846927015646,0.4604394081781378,0.05675876172709124,0.1473517981430779,0.23505958165425508,0.2841729305169509,0.00025
165,-0.1962434374900577,1.2921461325162291,0.4594145842045244,0.04784726813516793,0.1962673611241253,0.1888016919657733,0.2917016810089575,0.00025
166,-0.14196685349689336,1.2323139963871403,0.4692507231717217,0.06203958371908354,0.1419978732887529,0.2480987863000113,0.2809509858590647,0.00025
167,-0.21653413208615313,1.3290311409102533,0.5171313511276359,0.05541339621912599,0.21656183878426272,0.23313358492862307,0.272225265401725,0.00025
168,-0.16640099935224245,1.2432815960339214,0.41554985385680415,0.05376613748005518,0.16642788242098247,0.2201901131875239,0.28271407843533203,0.00025
169,-0.16112310251283168,1.2857344707184142,0.5819805533392338,0.056262151443324616,0.16115123358855335,0.2354693309039534,0.2794510446529104,0.00025
170,-0.18809431021101503,1.2858417974680185,0.4776002860801429,0.04815041412518961,0.1881183854180776,0.1979356737019795,0.2841146772177041,0.00025
171,-0.2031670680701736,1.3207609932385729,0.5065819042836864,0.05081007834304731,0.20319247310934507,0.22542794297562857,0.27647481600686175,0.00025
172,-0.1135673441475312,1.1932708668288516,0.4350868475037943,0.05775971118383848,0.11359622400312314,0.23944989316552376,0.2800436045472212,0.00025
173,-0.20999891304079493,1.3082547328916911,0.44758655027058264,0.0494975980851208,0.21002366183983745,0.2215420357047443,0.27228325424696653,0.00025
174,-0.17216462668104665,1.252887963218899,0.4046427828248654,0.05384121763217116,0.17219154728986275,0.24653658030187697,0.2743130099559005,0.00025
175,-0.19070823360496836,1.299518285268956,0.5387788635326134,0.04777483861431017,0.19073212102427547,0.22486074948723406,0.2729699213738761,0.00025
176,-0.13235232687965662,1.1978880606267222,0.37556104741735674,0.054873539136041635,0.13237976364922466,0.24586707822646267,0.27202888642689027,0.00025
177,-0.08758908626402337,1.1682668054478997,0.4653693489448346,0.05412042786219331,0.08761614647795446,0.22729270703950813,0.28144664138141456,0.00025
178,-0.2115073977137229,1.3196088226533758,0.516742223869529,0.04612257268309178,0.21153045900006445,0.2209218736113607,0.271973040074346,0.00025
179,-0.1328638650200917,1.2159603779237862,0.43025197295727025,0.05857447141588601,0.13289315225579962,0.27976337181947697,0.26725671137640755,0.00025
180,-0.21421062028472043,1.3302065873832563,0.5410517660196295,0.051005998825000703,0.21423612328413294,0.25700266952450357,0.26744986812464594,0.00025
181,-0.228119979242474,1.3470495327229886,0.5126826617312111,0.04523447575228199,0.22814259648035012,0.24626635676867023,0.2633112244476281,0.00025
182,-0.18183544149907466,1.2840079583325172,0.5089016479075017,0.05476275678598455,0.18186282287746766,0.28986156915568567,0.25756263636038346,0.00025
183,-0.23138922179909388,1.336414149042154,0.47164681913980006,0.04570928744009226,0.23141207644281397,0.2543768426464082,0.2597395260615686,0.00025
184,-0.2324284055089663,1.3440338120403372,0.4868878515034482,0.045247143455306844,0.23245102908069393,0.26119945050077414,0.261313404655025,0.00025
185,-0.24341354622452305,1.3508660608016543,0.4624624874184036,0.04567515112868337,0.2434363838000874,0.29754327735837793,0.25062833388701744,0.00025
186,-0.2130289546983888,1.303057031301462,0.41266324005295074,0.04463287552949816,0.21305127113615357,0.2947310414088155,0.25403258412359175,0.00025
187,-0.21130642507018665,1.3230815913894929,0.5345115642756031,0.042675291868229936,0.21132776271612075,0.2679154724212981,0.2610742574156683,0.00025
188,-0.1810980989415517,1.2811365675220818,0.46847936628466125,0.04282889553745137,0.18111951338932047,0.2910443619072711,0.25563100271738015,0.00025
189,-0.24353972454256845,1.3689460918691387,0.5669615819590996,0.04303301574884373,0.24356124105044288,0.29206960878737775,0.253031470233226,0.00025
190,-0.20801632940756243,1.305054153072069,0.46817761112989165,0.043223078939079757,0.20803794094703196,0.2951408280001331,0.2590414798610593,0.00025
191,-0.19606218526144392,1.28666155280708,0.44649873612824925,0.039110324481441666,0.19608174042368462,0.3232491194495135,0.25483525416529385,0.00025
192,-0.2623693824962498,1.3928257552705956,0.5518530441700219,0.0411327522300195,0.2623899488723648,0.39653305607540235,0.2391240198186912,0.00025
193,-0.13910373816290433,1.2519930860105268,0.5035248372206931,0.034776668716995175,0.13912112649726285,0.5947975812261506,0.24040768158271933,0.00025
194,-0.19396519877244706,1.3428588087945705,0.60786895607933,0.031009675092917785,0.1939807036099935,0.5427746515085805,0.24249775448573824,0.00025
195,-0.23907222425811894,1.3553418682520832,0.4967760527689229,0.03623086924877647,0.23909033969274335,0.4962520789441544,0.23375508522679828,0.00025
196,-0.1965582008977486,1.3195105671381437,0.519048214172643,0.03842216064883548,0.196577411978073,0.5761016758837172,0.23145631172319817,0.00025
197,-0.19693049740884738,1.2869474508000716,0.4039025748487998,0.03466391572809226,0.19694782936671143,0.3993323654847253,0.24501159975404213,0.00025
198,-0.19787402156922804,1.3213602744140027,0.5424421905205438,0.03625948478166498,0.19789215131161886,0.43958153953364576,0.2386779028944908,0.00025
199,-0.12499067176071846,1.2433362846742968,0.503149773831811,0.030200174045308753,0.12500577184774112,0.5769808330752636,0.2448256274806931,0.00025
200,-0.12393703222274233,1.267083576404748,0.5686438239811085,0.031168038474745592,0.12395261624197967,0.693876288387045,0.23416525063941038,0.000125
201,-0.11734808343468141,1.2767584299910726,0.7054745528324994,0.027627892678214357,0.11736189738102051,0.8856036502775639,0.22836303055359988,0.000125
202,-0.1050530481888389,1.302957877123026,0.6539270510579887,0.030442541790155955,0.10506826945973398,0.7631017013045167,0.2303385524381379,0.000125
203,-0.11000272878873465,1.2566989913547122,0.5960905727925803,0.026070165832698434,0.11001576387165102,0.898955292734581,0.2234531333080426,0.000125
204,-0.05941561953095169,1.1668020471895224,0.4970246676529196,0.02520125193432579,0.059428220156918864,0.9322680054200077,0.2303937552694036,0.000125
205,0.16466593556040418,1.129269632033957,0.5971257747082132,0.0456210119472068,-0.16464312505443057,1.2680185965564128,0.22117060777633674,0.000125
206,-0.10473330210108815,1.2516536395016158,0.6409150093945654,0.024970562292867746,0.10474578738223457,0.8754534197179169,0.22749408903028712,0.000125
207,-0.1486295276198801,1.2899035832924128,0.6542350046876491,0.023749325991182485,0.1486414022828757,0.784923522371602,0.23143970514781792,0.000125
208,-0.0869292460055604,1.1979970087277416,0.4965990251295272,0.025367384289733237,0.08694192969770527,0.8398883010149062,0.23119205233937615,0.000125
209,-0.11522271488751581,1.2281220208250223,0.497064784523427,0.028564769218167786,0.11523699727212489,0.847320552320997,0.22519818970511973,0.000125
210,-0.11237000126194269,1.2355078965580701,0.5353603663363709,0.028150575270013866,0.11238407654957769,0.8524324610189772,0.22936881487124733,0.000125
211,-0.1718090190119141,1.2905906292310214,0.5272245697575024,0.03409703245466516,0.17182606752814142,0.6767091094849621,0.22891904533749424,0.000125
212,-0.0985660911671072,1.205123919417705,0.5362064880228168,0.03448114010265727,0.09858333173715852,0.6088902507630394,0.2398490592438367,0.000125
213,-0.19195804799232433,1.2959550992662479,0.4728617904927002,0.03461766797077291,0.1919753568263097,0.45570458965836425,0.23671940090083865,0.000125
214,-0.20816423980054788,1.324266044325788,0.49896125933886465,0.03993470172601546,0.2081842071514109,0.4226439314673865,0.23667140571249728,0.000125
215,-0.1971428739300593,1.3024707785387126,0.5101875845274978,0.03669742236961115,0.19716122264124414,0.35061937015169836,0.24579960229260361,0.000125
216,-0.23843696133417425,1.3872426834774936,0.6743670345267743,0.03961779110655846,0.23845677022972758,0.38576030661636407,0.23379607007480435,0.000125
217,-0.17462092279201108,1.2736665357491708,0.4797649862383113,0.03796492966701557,0.17463990525684464,0.2835206377012788,0.2518431417446078,0.000125
218,-0.1546812580700479,1.2514746027695969,0.47764759128147977,0.045868364448949386,0.15470419225227236,0.4151679010198167,0.23433501751733582,0.000125
219,-0.12508060046161384,1.207810930411892,0.457938516105583,0.044677095798114644,0.12510293900951291,0.3271212174530096,0.249421468070609,0.000125
220,-0.195102794442814,1.319937587384691,0.5981500625471154,0.04401498293293494,0.19512480193428047,0.3509964088139062,0.23767989984901333,0.000125
221,-0.19818821632096809,1.3015814612493766,0.4936461528267049,0.044257918845584165,0.1982103452803909,0.3703623175468503,0.23413040036041632,0.000125
222,-0.1851189722938335,1.284697084808215,0.4597695924104569,0.040256839065093857,0.18513910071336603,0.31245828003929976,0.2389839773590962,0.000125
223,-0.25737022450834823,1.3821309137044244,0.5502592797585873,0.0372175251859424,0.25738883327094125,0.30234465069241684,0.23704505985371627,0.000125
224,-0.18197226952638032,1.269582064859525,0.42167575703025884,0.04624827954894503,0.1819953936661548,0.35333356096381874,0.23951247755963656,0.000125
225,-0.2270925770742123,1.328025093113693,0.45453911879431125,0.04329316780953655,0.227114223658117,0.3182087911448016,0.23523046067235953,0.000125
226,-0.16005754477735112,1.2517456632944302,0.4801317765072795,0.044368274862658236,0.16007972891478245,0.31006167693538533,0.24380646620005242,0.000125
227,-0.21030733416047004,1.2972969381180248,0.40492604534665155,0.04127770255832519,0.21032797301174924,0.29353481359306266,0.24006417499475696,0.000125
228,-0.16330044939974475,1.2245557492165084,0.3449593242949329,0.04458047840616565,0.16332273963894783,0.3136299447754431,0.24270982784231349,0.000125
229,-0.17051793594460285,1.264430194452925,0.44820664454155174,0.04945840235848524,0.1705426651457821,0.3389160217251511,0.237929843873887,0.000125
230,-0.1533294590154377,1.2443912222018094,0.4412788388467018,0.04494890460824503,0.15335193346774184,0.2946287545030981,0.24591770332836352,0.000125
231,-0.25927664368887227,1.3674011666137877,0.4527836282122401,0.04138679108520937,0.25929733708441494,0.3068943111005924,0.23485619211946063,0.000125
232,-0.1858564034488434,1.3061990155894567,0.5412844386500034,0.03916787040736927,0.1858759873840471,0.2703112657720776,0.24446456839293063,0.000125
233,-0.1435810952818931,1.2090823120503638,0.3634140336461189,0.04211497220666285,0.14360215276799643,0.27091128218636984,0.24906795238520973,0.000125
234,-0.20231938421419465,1.3100416148471052,0.5351525999393091,0.044541987994115365,0.2023416552081917,0.37729574365730073,0.2285719216632059,0.000125
235,-0.16698147590141282,1.2460412028037764,0.4054929900657696,0.043915776014686436,0.16700343378942015,0.30263986495604905,0.24304254827526112,0.000125
236,-0.20164265782999724,1.2920122969188008,0.43897577219958367,0.03944165534218124,0.2016623786576683,0.30799530919065776,0.23949418664550037,0.000125
237,-0.23079501191665022,1.3286023483278906,0.4682339056775217,0.04423069760418774,0.23081712726545234,0.38163957983216223,0.22612768326412302,0.000125
238,-0.2488147050225388,1.3513101174987336,0.4397654032606697,0.04164774338249909,0.24883552889423,0.328296538745123,0.23130161980395053,0.000125
239,-0.15892568989126007,1.2574250823635165,0.5154150158248874,0.04316786317264343,0.1589472738228464,0.3677507291336106,0.23457334294240031,0.000125
240,-0.22219998461848628,1.3441611921695895,0.5575095305346011,0.04255075687360266,0.22222125999692302,0.36288302499317004,0.22754237720429776,0.000125
241,-0.2561400117052797,1.3712992888770263,0.4853605506661005,0.03945392752438255,0.25615973866904196,0.38853667447188134,0.22334895444183772,0.000125
242,-0.2084492953948588,1.3055522337910344,0.45222994281651013,0.040470292709199995,0.20846953054121342,0.34749118688013236,0.23461623631057985,0.000125
243,-0.2471048807611389,1.3532162648013777,0.4653375004701728,0.03769218272216725,0.24712372685249998,0.3573600699809766,0.23456108785743296,0.000125
244,-0.1834334256852545,1.2620497300485527,0.3901546040449383,0.03625025068247568,0.18345155081059575,0.3626249012801855,0.23466107281106996,0.000125
245,-0.12455370930858053,1.2268110808727637,0.47992835848657883,0.04107822538223546,0.12457424842127165,0.546991849084286,0.2308720759403904,0.000125
246,-0.15771589328598673,1.2745829778839433,0.5497938496442594,0.033230308591586086,0.15773250844028253,0.4631366681634289,0.2371574194402125,0.000125
247,-0.19131126078009641,1.2808238719623337,0.42662508378528663,0.03747160232332495,0.1913299965812581,0.49972126437190556,0.230649665273802,0.000125
248,-0.18605272726838734,1.2756593230421334,0.41895136953921647,0.03926981644575983,0.18607236217661022,0.4935403420030908,0.22531020871332413,0.000125
249,-0.20454969048623217,1.3000576434417763,0.43978880708595164,0.03367584162897956,0.2045665284070467,0.3770169351961608,0.2393144443333495,0.000125
250,-0.12216744680239061,1.2114614459890918,0.4686608930780643,0.04002799391717603,0.1221874607993492,0.392329443270993,0.2392422803438878,0.000125
251,-0.2377616123173611,1.370000678771873,0.6278733765343671,0.03731805345091766,0.23778027134408652,0.36293833750901905,0.22557305371543224,0.000125
252,-0.20838501288344893,1.3172183323995341,0.4775809648590416,0.04021571378570843,0.2084051207403418,0.36514794983052634,0.2321042159407702,0.000125
253,-0.22763978386023215,1.3240234962416948,0.4401986445781781,0.041873613165500465,0.2276607206668149,0.36272857919202717,0.22959397761237244,0.000125
254,-0.22278918887739402,1.314671350212035,0.41828332933037055,0.04248401011792544,0.22281043088245298,0.3589124735699458,0.22898987344620336,0.000125
255,-0.22945488918810836,1.3328993132697429,0.44841869258803596,0.04042997849993195,0.2294751041773583,0.33598246253001385,0.23335198323350242,0.000125
256,-0.2914787703193984,1.4380636804736684,0.569169026141252,0.04153199132634881,0.29149953631506154,0.39822442051930385,0.21620374317277946,0.000125
257,-0.2239622994448886,1.311745931158827,0.4101540920019452,0.03867333818076002,0.22398163611397898,0.32359156871661027,0.23280231695158668,0.000125
258,-0.15224665416179545,1.236800580490005,0.4272416398212629,0.041409078459138694,0.152267358701025,0.32092078387092027,0.23731097126795053,0.000125
259,-0.16483736810292254,1.247158270297489,0.4355085457857003,0.04205147085458042,0.16485839383834985,0.34723149387161767,0.2344553705728439,0.000125
260,-0.1713135152971691,1.2896641545876142,0.5827196655412835,0.04152738073304278,0.17133427898753562,0.3177597100282903,0.23746695761848746,0.000125
261,-0.2106565776062365,1.310954097477515,0.4730671209513612,0.039860034949736466,0.21067650762371135,0.3335276040727242,0.22998096121576794,0.000125
262,-0.20120804025281228,1.2947253065143067,0.44350519306141034,0.03899423725480644,0.20122753737143972,0.30811784380109347,0.2339320451051592,0.000125
263,-0.2248461060222916,1.3309694587485896,0.4774854544757723,0.041470333301881934,0.2248668411889425,0.3703841930982311,0.2190562664940012,0.000125
264,-0.25624582081942693,1.371917573255964,0.4885795568019644,0.04143904416745857,0.25626654034151064,0.3902330862475528,0.21819700105286283,0.000125
265,-0.20009061906229064,1.3041720070200475,0.4705317886454643,0.04167618198103139,0.20011145715328116,0.32921195894811695,0.23015452612953208,0.000125
266,-0.1610156798511314,1.258685984274571,0.47743661934891846,0.046301598513298584,0.1610388306503881,0.4069746223993026,0.22651494475704176,0.000125
267,-0.24551716076166885,1.355538547279603,0.48931379050028573,0.04012485857687066,0.2455372231909573,0.38246027932071947,0.2208886090995134,0.000125
268,-0.2318162568402139,1.3536274376285464,0.532260959052119,0.03790330723269866,0.2318352084938302,0.34351977685345136,0.22657090342723582,0.000125
269,-0.20229193981634574,1.2880130205138134,0.4241041038437825,0.03777623517385244,0.20231082793393265,0.34749239874799404,0.23070545179124108,0.000125
270,-0.23787566056279988,1.3542634792029546,0.5013832901695459,0.039276498732888604,0.23789529881216637,0.4285112525715006,0.21659895811293967,0.000125
271,-0.2091072677794109,1.3114120356051069,0.45737970050632293,0.039289545014158454,0.20912691255191804,0.3968602960772762,0.22565201728121048,0.000125
272,-0.20668529210446832,1.3011440445200066,0.4457434703669296,0.03663551569827911,0.20670360986231745,0.36484927946600904,0.22998908289249897,0.000125
273,-0.19656041888822862,1.2940003087886356,0.4674549709891914,0.03800119986215632,0.1965794194881597,0.390495050106177,0.22362852346465542,0.000125
274,-0.19111907028017783,1.2947771082506638,0.5067438650304785,0.037446235786285566,0.19113779339807094,0.4228218924135646,0.22230493243287752,0.000125
275,-0.16137983165472963,1.275595740268069,0.5316373511277901,0.036605810608853005,0.16139813456003405,0.49964212190397295,0.22251393006440873,0.000125
276,-0.19029675097725635,1.3087456976755396,0.5823847128523427,0.03591426277726225,0.19031470810864498,0.5240785468715043,0.2249136070900809,0.000125
277,-0.17841491010690608,1.278976667537238,0.4915841674634565,0.03458038016948994,0.1784322002969908,0.5251890161400613,0.2226356904042954,0.000125
278,-0.17229209447760896,1.2806642769507504,0.48768300411663895,0.031036276423715852,0.17230761261582078,0.5071274878192428,0.2263034247158841,0.000125
279,-0.21887033901387193,1.3517906573200915,0.5760659096745073,0.03166576282993016,0.2188861718952869,0.5047374071615671,0.22069523534456828,0.000125
280,-0.15223434409170494,1.2541665512117892,0.4808469539055686,0.029674655496437722,0.15224918141945315,0.5301745511989483,0.23247850457906477,0.000125
281,-0.18340917419897979,1.2974136501964262,0.5334029793639692,0.03274211834048513,0.18342554525815002,0.5592649487795679,0.2257837739003363,0.000125
282,-0.245669599909429,1.3953388430453773,0.6384420721349064,0.03103631824001073,0.24568511806854898,0.5022673494116976,0.2199063326529536,0.000125
283,-0.17610240888149895,1.2739805330370055,0.4586543645900264,0.029786263152997806,0.17611730201307546,0.49895090209005566,0.22867514389584473,0.000125
284,-0.18469836123706165,1.3185775805724957,0.6067697995165596,0.0364661388628692,0.1847165943064931,0.6361855065471594,0.21558478222339122,0.000125
285,-0.14403558180170045,1.2317076777314515,0.4631842505884271,0.036826760339201264,0.14405399518187004,0.5326095790478454,0.22076564810356009,0.000125
286,-0.28378545012668066,1.4251794894092251,0.5671849775123117,0.035452626607334704,0.2838031764399843,0.48559077539540363,0.21244063933206792,0.000125
287,-0.20053270254779834,1.2758346750131482,0.3635921732672561,0.029540543101270404,0.20054747281934895,0.30516090696061027,0.2308145603644987,0.000125
288,-0.19539772186645943,1.2936534541260234,0.48758845548341223,0.03694924293725876,0.19541619648792807,0.3830799506603112,0.22853742396075058,0.000125
289,-0.21996585831093024,1.3254769967200162,0.48695448936787583,0.03523267553905065,0.21998347464869977,0.3403955634031019,0.22408581787932927,0.000125
290,-0.12939754962286848,1.2108123814982894,0.44545507897953024,0.03894093532748587,0.1294170200905322,0.3213118725831302,0.23316135397161322,0.000125
291,-0.24161795093292418,1.3536452458606076,0.49536321102778624,0.03730060895179579,0.2416366012374001,0.3223677198232324,0.22338349266187973,0.000125
292,-0.18405590409295108,1.267817042146632,0.4192932634907963,0.03881844138888291,0.18407531331364552,0.318183664053919,0.22827449557243237,0.000125
293,-0.2006855697576231,1.2940223843994034,0.4412520182263307,0.03953514959280292,0.2007053373324195,0.318006605317806,0.22583794756864034,0.000125
294,-0.18437259051549967,1.2851569579362119,0.4692712071071877,0.040077087005113095,0.18439262905900222,0.34009864933898953,0.22597217658793603,0.000125
295,-0.16649411092775662,1.2664458232138107,0.4773965055754761,0.041025844174138654,0.1665146238498437,0.3224621459658648,0.22481848108365976,0.000125
296,-0.1655444338511992,1.260524255725456,0.4717531006778143,0.04336377361134233,0.1655661157380049,0.3362503530946877,0.22874143225908816,0.000125
297,-0.23610431866709958,1.3642489842597925,0.5527402957638184,0.04050896535217555,0.2361245731497757,0.33451873974354246,0.21906581561380567,0.000125
298,-0.18404402387210633,1.264308881703141,0.4032998865396974,0.04063125840105987,0.18406433950130688,0.31336721219678376,0.22692262258781348,0.000125
299,-0.24108299818432202,1.3290364410161828,0.3955458697617678,0.03567683093530929,0.24110083659978968,0.27842860416487786,0.22686273467985207,0.000125
300,-0.2189849828733958,1.3376348111571548,0.5475728111481678,0.04252145431644282,0.219006243600554,0.33984962956327924,0.21984041682101021,6.25e-05
301,-0.1863355777928346,1.2896550344990751,0.486466143580966,0.04334988314735084,0.18635725273440834,0.33802313882835966,0.22171729188847497,6.25e-05
302,-0.16914261674833386,1.2507946582375111,0.4104966767795111,0.04176182578732788,0.1691634976612275,0.3273863243400644,0.22671247354407453,6.25e-05
303,-0.26705836354544554,1.378947658165142,0.4718533140249265,0.03650834171492265,0.26707661771630303,0.32790664701108296,0.2155121608641335,6.25e-05
304,-0.23632253516157198,1.3403905332765107,0.44583421466374873,0.04023474523565873,0.2363426525341898,0.3358123374786688,0.214369453221589,6.25e-05
305,-0.21256811794499797,1.3050180855038942,0.4404764815886036,0.03952230242446066,0.21258787909621019,0.3015822621883868,0.22207617113547365,6.25e-05
306,-0.17284086517283048,1.2855517407152892,0.536057335187302,0.045198965787633175,0.17286346465572427,0.37708611307750617,0.21771201105047672,6.25e-05
307,-0.19954509513852453,1.2901535305744747,0.4443354750732187,0.04220140781113217,0.19956619584243004,0.3495899986689477,0.22134984637796762,6.25e-05
308,-0.18667713510326106,1.2803539303311469,0.4560473500246005,0.042360760808112616,0.1866983154836651,0.35136264309932236,0.21859266762077298,6.25e-05
309,-0.25450123198784025,1.379913888920331,0.5338096651777812,0.04227587804036381,0.2545223699268605,0.3513053762564022,0.21493926075031833,6.25e-05
310,-0.25160517438555613,1.365103834444651,0.4707234793185992,0.040209443013354065,0.2516252791070628,0.3427862140726892,0.21247999891089142,6.25e-05
311,-0.21678561503709,1.3237467250217372,0.4614030121718645,0.043571329811382745,0.21680740070199572,0.3844632667277022,0.214178691871509,6.25e-05
312,-0.18171733434459159,1.272192017161109,0.4376257585467554,0.04260319785479928,0.18173863594351902,0.36014811584047646,0.21668606309318897,6.25e-05
313,-0.21130002438241194,1.3227031060192163,0.49467761299440927,0.040762192048327525,0.21132040547843614,0.3304583280088823,0.22092737379757382,6.25e-05
314,-0.24381463080341068,1.3740132851746378,0.5676946375474755,0.040993878354784685,0.2438351277425881,0.3715262394103327,0.2134360912994594,6.25e-05
315,-0.1771940277688843,1.282344037001693,0.5134692459070096,0.043425851425472575,0.17721574069459703,0.35782204340710766,0.22413703550517255,6.25e-05
316,-0.18839176721726317,1.285462824765833,0.48148348701692273,0.03943999469724409,0.18841148721461176,0.3476795816722079,0.2230905036149542,6.25e-05
317,-0.1973425430356695,1.2938994323089568,0.48956636532784314,0.04011131509733401,0.19736259869321818,0.3701284712481128,0.21784042695718425,6.25e-05
318,-0.24756890070549964,1.3666227673074665,0.5131569551209456,0.04039489468827697,0.24758909815284375,0.40908280443247946,0.21010499811622002,6.25e-05
319,-0.18711411623415555,1.2751463993027992,0.4420240813867604,0.03907512671817032,0.18713365379751465,0.371589387490455,0.21852724860836092,6.25e-05
320,-0.2163526690185648,1.3155736772684892,0.45402094593866793,0.03968491102081914,0.2163725114740752,0.3823598222769344,0.21481090636388428,6.25e-05
321,-0.24129115480075775,1.3579044291274993,0.5010220186491355,0.0366966534282055,0.24130950312747182,0.3583831485466012,0.21506851817445805,6.25e-05
322,-0.25197309709362303,1.35774543039626,0.44548650789583627,0.0379994715171062,0.2519920968293816,0.3970851783775998,0.21577197973201948,6.25e-05
323,-0.22621667178401422,1.3341843023239255,0.49115867084268366,0.03808198916784392,0.22623571277859816,0.40161096326179535,0.21594608935045523,6.25e-05
324,-0.19501021597640128,1.30760845268505,0.5437890271686422,0.039810714434841035,0.19503012133361872,0.431329549313776,0.21796466037080192,6.25e-05
325,-0.23023362799099484,1.3481415727265857,0.5560509488770912,0.03658943916824305,0.23025192271057895,0.3998834294314489,0.21413587225882313,6.25e-05
326,-0.20023660596800885,1.335329485375149,0.6357382140125769,0.03883915682615509,0.2002560255464219,0.4572388475300663,0.21304796740841342,6.25e-05
327,-0.23374108082767303,1.3300554232966257,0.4581242669849478,0.0347530367805364,0.23375845734606326,0.42353574136661465,0.21696268523834034,6.25e-05
328,-0.21398512253662236,1.3222672745944748,0.5019940001188673,0.03681025175350672,0.21400352766249908,0.4584591320469272,0.215852232443316,6.25e-05
329,-0.20420468619647034,1.3074700141599709,0.4990735321837071,0.03588775312213794,0.20422263007303137,0.40988559961096654,0.21816812287542098,6.25e-05
330,-0.19820605724164697,1.2902359572388753,0.44314815384477546,0.03945720414843426,0.1982257858437212,0.4587580383841907,0.20999594835558855,6.25e-05
331,-0.22005624041175345,1.315551983025577,0.47567226789291545,0.03723670977340292,0.22007485876664012,0.44013876249178485,0.21294472175001783,6.25e-05
332,-0.2145280666070422,1.3313936878456785,0.5131489101833484,0.03723204133963874,0.21454668262771204,0.45479938247886365,0.2109523761016165,6.25e-05
333,-0.2560622288912518,1.3665033006683742,0.44401286083189556,0.036341516111591275,0.25608039964930757,0.4147470933875079,0.21204923098800532,6.25e-05
334,-0.19729264239804267,1.2926035878501594,0.4479934451097761,0.03900684511770941,0.19731214582060153,0.4466450759043659,0.20950172695410738,6.25e-05
335,-0.18770358652449637,1.2679633511721768,0.4027481902643801,0.03681879281633998,0.18772199592090455,0.4201356392450213,0.2185740437116574,6.25e-05
336,-0.17535155850760398,1.2517913292360734,0.39114577183165855,0.0356470851038448,0.1753693820501559,0.36250701438732846,0.22447411959251656,6.25e-05
337,-0.17289758870541988,1.2761339297658432,0.49480824433078857,0.03840785957546193,0.17291679263520762,0.38289759605354284,0.2224407121258637,6.25e-05
338,-0.186550391119926,1.2816795325106232,0.47100878176348987,0.03605250788830932,0.18656841737387014,0.35552791714172305,0.22627490842567202,6.25e-05
339,-0.22950636290639034,1.3413869109084928,0.49190273072915786,0.033881971111316536,0.22952330389194603,0.3358613138216517,0.2224569918330895,6.25e-05
340,-0.19154417400869508,1.2641627160245223,0.3908378941702083,0.03760029255625858,0.1915629741549732,0.3765932949306102,0.2154796083198664,6.25e-05
341,-0.22402052908373316,1.3208201221617166,0.43753009262595843,0.03456375875711216,0.2240378109631117,0.31424745396531606,0.22620448214928973,6.25e-05
342,-0.26749940751521534,1.3804921547603435,0.5023352104560052,0.034916839699519364,0.26751686593506513,0.34169179710398995,0.21571513739257378,6.25e-05
343,-0.2354084328947755,1.3552369675655034,0.5147975190862589,0.03700777679759274,0.2354269367831743,0.3580389482929458,0.21665079316346753,6.25e-05
344,-0.1955708983907119,1.2902916253192265,0.4725844438750449,0.03984245970404409,0.19559081962056393,0.3688586215092492,0.21812665586371677,6.25e-05
345,-0.26105106042994886,1.4013070771112779,0.5872130625540246,0.04172675156171895,0.2610719238057297,0.4227593106176132,0.20284181305209914,6.25e-05
346,-0.21002586210355137,1.3108486502309389,0.4524367872194047,0.0369677883469463,0.21004434599772487,0.32684795814922063,0.2210582698070947,6.25e-05
347,-0.247366153895127,1.3529505147653522,0.44398955214897834,0.03544992545196782,0.24738387885785298,0.32133359713558607,0.21776123536976527,6.25e-05
348,-0.20001102926809544,1.3015820168441765,0.4813319084310928,0.041574677414036684,0.20003181660680244,0.38399803031248575,0.21692444103886083,6.25e-05
349,-0.18296128617905738,1.2790406917327186,0.49477341162989463,0.03892217065128196,0.182980747264383,0.37077342913110134,0.21711859082266902,6.25e-05
350,-0.2683936176436853,1.384573521794474,0.4782206415975591,0.03435884871575876,0.2684107970680431,0.31190258952605093,0.22010598029396686,6.25e-05
351,-0.2123647701303547,1.3031186950630222,0.4478167875823672,0.03748089373812882,0.21238351057722377,0.36780686071240676,0.2157807160540462,6.25e-05
352,-0.14994335928607488,1.2318216065925724,0.4201287988707632,0.03556883365088977,0.14996114370290034,0.3281102539281065,0.22501547250330545,6.25e-05
353,-0.2099580206278079,1.2988221193962624,0.41368115063380684,0.034616112631804676,0.20997532868412383,0.33274002099330224,0.2183085120491433,6.25e-05
354,-0.19122370300389135,1.2871346019986865,0.45480066262090457,0.036809557789117375,0.19124210778278594,0.33912852610062527,0.2248229061300339,6.25e-05
355,-0.22061036364560965,1.3338089223621665,0.4955066713707492,0.038810390705482936,0.2206297688409624,0.41700492924151733,0.2100027870090167,6.25e-05
356,-0.17494331741824282,1.2724240275562164,0.483595025915217,0.03844628112079974,0.1749625405588032,0.3908285753484224,0.21959867861671803,6.25e-05
357,-0.2251617012655698,1.319060947070887,0.42157461241758115,0.037633543649300556,0.22518051803739442,0.3965569384612303,0.21548724710659317,6.25e-05
358,-0.2053832375245946,1.2931237675290679,0.42049365533338723,0.03796776642084436,0.205402221407805,0.4101369147907167,0.2133330060678972,6.25e-05
359,-0.2181118654725702,1.3076050969133957,0.42391727258589906,0.03604518099229402,0.21812988806306632,0.3465596414005954,0.22465407103394905,6.25e-05
360,-0.19970455689267308,1.2911636503843391,0.44626491732558227,0.037294696371376876,0.19972320424085876,0.3896806738711662,0.21923519150426996,6.25e-05
361,-0.24640465828345187,1.3679882553108582,0.5057844402263434,0.034636012756980986,0.24642197628983037,0.35425768844917527,0.21636783447317973,6.25e-05
362,-0.2190390422309474,1.3132134780076146,0.43129108166119917,0.036324535756429896,0.21905720449882565,0.36481292256211934,0.21501427530192652,6.25e-05
363,-0.2541968078647021,1.354255467087547,0.4488580519092768,0.03971365789540979,0.2542166646936499,0.44224636872273804,0.2083553499036692,6.25e-05
364,-0.27303460213891073,1.3884289451349856,0.4762386005859789,0.03362072319177653,0.27305141250050663,0.3797493638988721,0.21324510709560074,6.25e-05
365,-0.21210034694541124,1.3250561681975626,0.5242814633253562,0.033042455869298944,0.2121168681733459,0.3413885645403585,0.2231786201894804,6.25e-05
366,-0.2189719278622231,1.3327645846653577,0.5028736896352906,0.03258945135780137,0.218988222587902,0.32626456089582473,0.22022581079112052,6.25e-05
367,-0.22500878295822468,1.3431399050789077,0.5166709763826175,0.03335309489115774,0.22502545950567027,0.33788169860466344,0.22075750278676143,6.25e-05
368,-0.15640662884370132,1.226048798937282,0.38076032031460416,0.03755329062597361,0.15642540548901432,0.42096516003710815,0.2173861173460552,6.25e-05
369,-0.20797548115924552,1.2898644038624436,0.39597377975209425,0.03399883469402046,0.2079924805765926,0.40531350285149403,0.21812487390969287,6.25e-05
370,-0.3052182783183796,1.4507098688597448,0.558454873218921,0.034611111279534965,0.30523558387401933,0.3979819979274063,0.2107178114075291,6.25e-05
371,-0.227126546552114,1.3282284485181513,0.4527911661056781,0.03725487123270534,0.22714517398773038,0.4238222399057884,0.21699779813263537,6.25e-05
372,-0.20804553505487,1.3116592216179477,0.4940093070043636,0.031210223577946245,0.208061140166659,0.33095333725818277,0.22360031013677228,6.25e-05
373,-0.23226691029891547,1.3547709082909711,0.558393676637408,0.03451487901297948,0.23228416773842198,0.3775327580867968,0.2133820580887057,6.25e-05
374,-0.2888901753335476,1.4322719898446927,0.5914337390898479,0.03548595484626098,0.2889079183109707,0.3999551608193471,0.20768002035823743,6.25e-05
375,-0.13568331691323013,1.2100075976770839,0.41417608305307935,0.03619046141578277,0.13570141214393805,0.36118682412759995,0.2288574502739405,6.25e-05
376,-0.1474598727564411,1.222081024834418,0.4391353755915732,0.038205246821912016,0.14747897537985205,0.3528349188975535,0.2315912623484988,6.25e-05
377,-0.20247053577795643,1.2946706976858817,0.4312610050581296,0.03854081891428825,0.20248980618741358,0.4277618547848967,0.21364767274677676,6.25e-05
378,-0.22633203513856254,1.34188511112169,0.5082353608648111,0.042354042232968625,0.22635321215967902,0.4933935438168071,0.20066784776713747,6.25e-05
379,-0.18904177105600167,1.2918704667389629,0.5073133597818748,0.036944847504057465,0.1890602434797537,0.34831199685155256,0.22527331919084426,6.25e-05
380,-0.17686186830531198,1.262164943441896,0.4538544248787654,0.038070959691441766,0.1768809037851577,0.4104345724121124,0.21839095093718416,6.25e-05
381,-0.18637402983835488,1.2688680128081677,0.4227665173794047,0.03601317115885137,0.18639203642393432,0.3858820470834059,0.22188462740882886,6.25e-05
382,-0.18364486622522844,1.2807902440516967,0.4865664913226131,0.038229796073754464,0.18366398112326532,0.3791641524895474,0.21684284133467696,6.25e-05
383,-0.20788375449121368,1.3168523460866084,0.4963874840384522,0.038986480950554556,0.20790324773168897,0.397838364118978,0.21540779278336059,6.25e-05
384,-0.20101830376344637,1.2808234330168835,0.3900872279888219,0.03672687473308821,0.20103666720081292,0.38420393207795706,0.21773724991504087,6.25e-05
385,-0.2015404853463107,1.2944883691017042,0.4617358788136941,0.03560397354570429,0.20155828733308356,0.370485382086554,0.2192063632106491,6.25e-05
386,-0.19005093021826713,1.2875142075000734,0.5008495304325944,0.03634137395998187,0.1900691009052471,0.37568063241945804,0.2199104325841704,6.25e-05
387,-0.2202767080190397,1.3372142410175305,0.539226497295122,0.03400374921364249,0.22029370989364655,0.33158010882067707,0.21809161618471423,6.25e-05
388,-0.21853235342381,1.3119395808363712,0.45991488604311426,0.03510469973754839,0.21854990577367878,0.36201514211655617,0.21613713705263204,6.25e-05
389,-0.21021928807580179,1.3006203293328173,0.423231686172694,0.03741108117035615,0.21023799361638698,0.3996232817373942,0.2164192739336473,6.25e-05
390,-0.24858071747088994,1.3842453536734696,0.5633288348161782,0.035684726439969845,0.24859855983410994,0.3959599081424061,0.21049317923617647,6.25e-05
391,-0.2327238235728945,1.3305475485291365,0.446318887720555,0.034855495102480274,0.23274125132044576,0.3674402399924489,0.22089236182710614,6.25e-05
392,-0.19450396496010958,1.2963834900564304,0.4783876947573919,0.035378606284587874,0.19452165426325188,0.37134197643122036,0.22000294375525092,6.25e-05
393,-0.16789807318784167,1.286606981111051,0.5569230826931518,0.04038047736133615,0.16791826342652233,0.4444471055919387,0.220121540904061,6.25e-05
394,-0.2434404501848228,1.3550736093763502,0.4917170370770385,0.0351419869695136,0.24345802117830753,0.4070364992155703,0.2092565267348867,6.25e-05
395,-0.1974244999461856,1.2874313001033724,0.4604882738598017,0.03683507470354796,0.19744291748353737,0.4393356324330225,0.21111054485192848,6.25e-05
396,-0.2087381227475651,1.3079474036688676,0.4518638900463753,0.03775188387109415,0.20875699868950065,0.46436600640546527,0.21540458897127207,6.25e-05
397,-0.22417369796381373,1.331123793721709,0.47525345945321235,0.033968188434415236,0.22419068205803092,0.4274557558729308,0.21707383571431366,6.25e-05
398,-0.18518545070259013,1.2782759029252575,0.4532200396888238,0.031992771097653264,0.18520144708813893,0.43551453726891387,0.218521766270185,6.25e-05
399,-0.20764727754838005,1.2854660485802267,0.3937145446198439,0.03243927945159291,0.20766349718810584,0.40613014221329047,0.21896439310278212,6.25e-05
400,-0.2149949046597035,1.3326746048876736,0.5157392193545518,0.0316712681266271,0.21501074029376677,0.45563415255398304,0.2123424071398593,3.125e-05
401,-0.18520787035642886,1.2798746512972174,0.4382875409431254,0.034752619689070355,0.1852252466662734,0.5092857426951136,0.218904016831872,3.125e-05
402,-0.22115594960681756,1.343688499905959,0.5467770938882055,0.030770921211049823,0.22117133506742306,0.4799304353980641,0.21337220258772852,3.125e-05
403,-0.213589473536348,1.3334963358971554,0.5421128004318243,0.033694897256347736,0.21360632098497617,0.5568066826982575,0.21393926857601514,3.125e-05
404,-0.19346741040595156,1.2880537042838442,0.4374538776486251,0.0331282964764674,0.1934839745541898,0.4974851652803841,0.22024415863131874,3.125e-05
405,-0.1709994321305336,1.2743258631630925,0.4821240408746175,0.033757592392400844,0.1710163109267298,0.5490852626899365,0.21580792042120808,3.125e-05
406,-0.25351871581491925,1.3825186495967796,0.5624439889131172,0.030314667019833916,0.2535338731484292,0.4874070309908359,0.21473586054498153,3.125e-05
407,-0.22867115327795867,1.3344565333595382,0.4779603617109853,0.03139692997840515,0.2286868517429479,0.49038675736347126,0.2069673426315552,3.125e-05
408,-0.17974254308284482,1.2775133776906373,0.4755087955990538,0.03387199925158608,0.17975947908247064,0.5273088697650175,0.2229948198741599,3.125e-05
409,-0.25227968476099305,1.39278080985351,0.5436324328583014,0.03375825617606261,0.25229656388908117,0.5617184569682728,0.20794463429916651,3.125e-05
410,-0.1778482491401137,1.291467579263606,0.5252448824371723,0.03504120584119591,0.1778657697430343,0.49108137804800656,0.21623844476357762,3.125e-05
411,-0.10068636984453815,1.1877397182425673,0.44340038192354464,0.03204847642053066,0.10070239408274842,0.5026793021142679,0.22992922905086557,3.125e-05
412,-0.22385760287407322,1.341306873801996,0.5017803354480302,0.03072059824902317,0.22387296317319771,0.46031552358025507,0.21231059411955802,3.125e-05
413,-0.17026320462607283,1.2578620965218201,0.4349658794429677,0.035584714401384526,0.17028099698327354,0.5515112314382227,0.21724360823306246,3.125e-05
414,-0.2224287769825253,1.315830147662191,0.42028954502005045,0.032729017846025686,0.22244514149144834,0.4340100778640813,0.21415823339807044,3.125e-05
415,-0.24037016548345247,1.3646657429879654,0.5919820972405715,0.0321949091544223,0.2403862629380297,0.46986901542754356,0.21597868533947223,3.125e-05
416,-0.24106298994251737,1.3434182450801193,0.43780451905151435,0.03133394160384082,0.24107865691331926,0.4206602377282545,0.21268925607853034,3.125e-05
417,-0.22967507259615,1.323699756020404,0.432526272924429,0.03230215401078325,0.22969122367315542,0.4122431578394932,0.21966877860847117,3.125e-05
418,-0.24720481812665399,1.3504397342309051,0.45663863031646623,0.035736477419788255,0.24722268636536388,0.45928129098605097,0.2124690604340807,3.125e-05
419,-0.19189806034089457,1.2670082850014017,0.38103739855395147,0.035508588951991854,0.19191581463537058,0.4320186966130619,0.21581981880972642,3.125e-05
420,-0.21172653782711953,1.3293884827470492,0.5184598762404174,0.034638892052922185,0.21174385727314599,0.42079078397685843,0.21747523005939412,3.125e-05
421,-0.25730058969884817,1.3795680447520844,0.5797802333024761,0.03395371575707844,0.25731756655672666,0.40893779160332483,0.21376435228250293,3.125e-05
422,-0.22877924037694558,1.343998889761241,0.5185586927877096,0.03625021080375991,0.22879736548234744,0.4317923501655317,0.212456252238748,3.125e-05
423,-0.22721803243258648,1.3386583965803234,0.534283725231659,0.037512937762226944,0.2272367889014676,0.4131183482190757,0.21609843778528864,3.125e-05
424,-0.17083600983521963,1.2489914577856887,0.40579349753835486,0.0347603439954847,0.17085339000721736,0.36751232770366904,0.22414136825004846,3.125e-05
425,-0.2296947436664598,1.3529603340661325,0.5339591640694974,0.035420626154176044,0.22971245397953693,0.37204682047702264,0.21763277761806382,3.125e-05
426,-0.20601713056783644,1.3045916232396877,0.4680146941668242,0.0329300439910994,0.20603359558983203,0.378833620038299,0.21640863924523407,3.125e-05
427,-0.15129822295737633,1.2019442164543563,0.3070262804951482,0.03650572427647319,0.15131647581951457,0.3929066134730695,0.22279895272640166,3.125e-05
428,-0.22964607630914385,1.3340576382273202,0.4603065261992517,0.03688008589446245,0.22966451635209106,0.40517298052645045,0.20896665814466786,3.125e-05
429,-0.20485987724812024,1.2963336802826837,0.4427489176173901,0.03140932106607017,0.20487558190865326,0.3153789600895017,0.22351284720276907,3.125e-05
430,-0.14913150258965963,1.2537096503419884,0.5479604720048993,0.037763515794751706,0.149150384347557,0.37461037561893884,0.22338783569990575,3.125e-05
431,-0.20211286708724002,1.2945871389144854,0.44428617325393327,0.03642847052604035,0.20213108132250304,0.4092716986341308,0.21775251813277963,3.125e-05
432,-0.1858199943184337,1.2741831128254317,0.4435566880979195,0.03364644335459367,0.185836817540111,0.35185346566416054,0.22199885057111673,3.125e-05
433,-0.1718925740589924,1.247506820243588,0.38821435105289176,0.03780416919978069,0.17191147614359228,0.3833701780004345,0.21897692332646945,3.125e-05
434,-0.18332044045588775,1.2725319242104574,0.44415295870216287,0.03705782250733728,0.18333896936714145,0.3456508640952871,0.22728114378933825,3.125e-05
435,-0.17537371211611802,1.246103714260837,0.3652850207913349,0.038942895007461016,0.17539318356362177,0.40549383715754167,0.21941926948028104,3.125e-05
436,-0.23517180926010864,1.3348805348703872,0.4423702858109295,0.032957823024795344,0.23518828817162105,0.3145359623793359,0.2227009460477844,3.125e-05
437,-0.217761279604685,1.3392370956350559,0.5577226326239287,0.03791631691808667,0.21778023776314404,0.40257379297630447,0.20928016794448107,3.125e-05
438,-0.2645123053670111,1.3962396572638573,0.5387551241183484,0.03216042449377905,0.26452838557925795,0.33045164537822913,0.21225499538634948,3.125e-05
439,-0.25904902325769824,1.3580256734137048,0.4261222642633969,0.03389862192519562,0.2590659725686609,0.35691141383385283,0.21327541800509692,3.125e-05
440,-0.2282203218622948,1.3338765548879659,0.48016088775891924,0.03777367060562659,0.2282392086975976,0.3967876101366331,0.20824633043072394,3.125e-05
441,-0.18603615412603852,1.2699570943801837,0.4227179835500919,0.037382751845258355,0.1860548455019612,0.378038038006162,0.219440695714004,3.125e-05
442,-0.24085225581338843,1.3443578828672207,0.4527712801495293,0.03817962571696898,0.2408713456262469,0.40010503134663244,0.21173536904842016,3.125e-05
443,-0.23806612493346552,1.345401756480244,0.4952626424397825,0.0355419731381213,0.2380838959200346,0.3770770979339168,0.21280909269197673,3.125e-05
444,-0.25874875443568257,1.375386162611326,0.47982512181884807,0.033482753773653035,0.25876549581256947,0.32571004115468805,0.21564807270764574,3.125e-05
445,-0.17425872541666815,1.2560302184414525,0.42160780170017675,0.035191138327791985,0.17427632098583207,0.3407758839031758,0.2240462478699911,3.125e-05
446,-0.2495300298137248,1.3420519843963123,0.3982899997174894,0.033196293991315726,0.24954662796072047,0.3541210014150287,0.20980230361370977,3.125e-05
447,-0.26895161127505357,1.3887276861712246,0.48969075751997515,0.03701176413175858,0.2689701171571195,0.3667099541575452,0.21291912797941007,3.125e-05
448,-0.1580671761457958,1.2633855669941172,0.5278400989580178,0.038238547957112526,0.15808629541977437,0.3655670022612192,0.22476910039770626,3.125e-05
449,-0.21484645298668578,1.3263656478938843,0.5069512616503818,0.037973416619643145,0.21486543969499564,0.4121174556839434,0.21252602726148517,3.125e-05
450,-0.21242227140973957,1.334289531297199,0.5600458551035749,0.035913332238151116,0.21244022807585866,0.33748252332772116,0.22094990795047756,3.125e-05
451,-0.19530315073604076,1.2915649515505854,0.46127609826643884,0.03784878047290623,0.19532207512627722,0.38589125533498614,0.2151225843399936,3.125e-05
452,-0.2211296069458529,1.325985330174566,0.4768392348765682,0.03311744234239603,0.22114616566702408,0.34112420576224944,0.21457466510355422,3.125e-05
453,-0.21506124093922768,1.3277516162011682,0.5429584474029105,0.03538457969048604,0.21507893322907295,0.354748079595014,0.2189617706749798,3.125e-05
454,-0.22082965970613955,1.3236059957593331,0.4661676913344919,0.035424521296923264,0.22084737196678803,0.3548389206634669,0.2162221579406252,3.125e-05
455,-0.23936810071654852,1.3570263912330613,0.5303568911177057,0.03743910653944532,0.2393868202698182,0.42865615457967554,0.20941810951811138,3.125e-05
456,-0.20978840897293471,1.3116510501335263,0.4651733689815505,0.03703989767218524,0.20980692892177083,0.3885144254077839,0.21331257646444488,3.125e-05
457,-0.2667559229258071,1.388858191928634,0.5318353070331707,0.037934414251400775,0.26677489013293276,0.4237079697169105,0.2044569795280986,3.125e-05
458,-0.2270737524372632,1.3302008022059737,0.48482673937265,0.03880728036539452,0.22709315607744587,0.382778262410557,0.2167549311983303,3.125e-05
459,-0.19864204732575413,1.2946394947400257,0.46594544918917413,0.036483889887778176,0.198660289270698,0.3780003463365993,0.21443762844526632,3.125e-05
460,-0.25702162551923546,1.380958741659027,0.5462080135213129,0.0332622551521185,0.2570382566468115,0.36475038770866774,0.20989932846147358,3.125e-05
461,-0.21137473790565253,1.3119706271657487,0.45287002737252385,0.03798969395392127,0.21139373275262946,0.3697976437101336,0.21685657196402452,3.125e-05
462,-0.20169282107035588,1.2986466095316216,0.4723271394575839,0.03841255646319535,0.20171202734858748,0.39162288152992575,0.21255008122382613,3.125e-05
463,-0.25879734812221766,1.3780523142681385,0.5094217691376609,0.038621408417912284,0.2588166588264267,0.42600450723566263,0.20658485929518394,3.125e-05
464,-0.24559703613480782,1.3466150307695457,0.44556216903186735,0.032280208474207144,0.24561317623904494,0.3358119400650501,0.2112216525235994,3.125e-05
465,-0.21450486497822696,1.3223557987842636,0.5421404400481583,0.038018486754399984,0.21452387422160413,0.382714727311598,0.2140234811947882,3.125e-05
466,-0.2544028379173255,1.3525553007044773,0.41160111944585964,0.03316303812736872,0.2544194194363892,0.3440445336753484,0.21435692020708003,3.125e-05
467,-0.19288134103715335,1.3034168665954904,0.49393758754489764,0.03713690766603636,0.19289990949098637,0.39251008233066603,0.2089331804415136,3.125e-05
468,-0.2364324216234096,1.3307272283774991,0.4373000175884327,0.02990984806303648,0.23644737654744113,0.30470938413591586,0.21929344884326943,3.125e-05
469,-0.2926016870215459,1.4250407835276575,0.5507080029007496,0.03473526241885623,0.2926190546527553,0.38528383534889504,0.2044063865813046,3.125e-05
470,-0.23136350938889805,1.3411635715677765,0.5009377332217839,0.03699331197485567,0.23138200604488546,0.4076341837479255,0.21009113941635585,3.125e-05
471,-0.23010145671809862,1.323982391987553,0.42176314593499636,0.035412596637270324,0.23011916301641724,0.3849693224424423,0.2153058625783392,3.125e-05
472,-0.17948668976870014,1.2799548896690516,0.48969465378034205,0.0386169321845166,0.17950599823479235,0.4247214848856158,0.21498906412975172,3.125e-05
473,-0.24530495226062415,1.3739086069353155,0.5788499103457784,0.036917745070870624,0.24532341113315956,0.45139240244119894,0.204564090959276,3.125e-05
474,-0.24746242740046837,1.3570394708719684,0.4641319613334844,0.0330530331576723,0.24747895391704722,0.3380942615648823,0.21527793396546716,3.125e-05
475,-0.23093545790852774,1.3347146301415649,0.46441750003452403,0.03744956169928533,0.23095418268937737,0.4337560721355063,0.20701078017580465,3.125e-05
476,-0.18269262565819777,1.2831329195473524,0.47161413883059367,0.03595825876991955,0.18271060478758272,0.4252768182019703,0.21241475001733023,3.125e-05
477,-0.2255460843642666,1.3503795730300026,0.5966057006102369,0.03786086356012511,0.22556501479604663,0.44131972995981594,0.20965583007752836,3.125e-05
478,-0.22756174959595588,1.3236232349362675,0.44542502978371834,0.03510706677715831,0.22757930312934446,0.4003488014122544,0.21149521429553453,3.125e-05
479,-0.2335258511521796,1.3363861263763013,0.460157117051937,0.030050941718358523,0.23354087662303877,0.34493756198414666,0.21153965653784157,3.125e-05
480,-0.14224236489112557,1.225423562988534,0.46552817389208734,0.03731224679743801,0.14226102101452426,0.4267479463827486,0.21593053058217537,3.125e-05
481,-0.19799297148796285,1.2947704174051755,0.4550140099270105,0.03399912320930312,0.19800997104956752,0.35988387048244413,0.22006645537229202,3.125e-05
482,-0.19524755224073054,1.2930241494943095,0.5105627752501555,0.03822852739680306,0.19526666650442895,0.429139783536695,0.2151225791473364,3.125e-05
483,-0.20091416738299606,1.2983523615551542,0.47130327535683325,0.035659756455671696,0.20093199726122388,0.4041262963910973,0.2148807760967379,3.125e-05
484,-0.24997035989294114,1.3581749515284895,0.4810442413444231,0.03424573879205932,0.24998748276233723,0.38463220418516586,0.21072934399369633,3.125e-05
485,-0.2500459744556474,1.3692972890896304,0.5314003642954567,0.03424189817445897,0.25006309540473465,0.39776597889686993,0.21073934254306204,3.125e-05
486,-0.22068969521888174,1.3268514594449612,0.4920590162119757,0.033719940102624475,0.22070655518893306,0.3842587562651041,0.21386142816646994,3.125e-05
487,-0.16502981926126714,1.2419255153687825,0.42389600714787146,0.03785471349149981,0.1650487466180129,0.414456928262535,0.2175141157190883,3.125e-05
488,-0.2269833107055064,1.3706094336833239,0.706253229973223,0.03575411915059043,0.2270011877650817,0.4136264967031663,0.21173533348683515,3.125e-05
489,-0.1833944835854939,1.2926495503623507,0.5301613592233234,0.03518575121990536,0.18341207646110386,0.3936035227571435,0.21352900757367027,3.125e-05
490,-0.22347033608772118,1.3337970242511819,0.508610838081577,0.03649687133932103,0.22348858452339082,0.4358709240990164,0.21271914630077243,3.125e-05
491,-0.23186603256218125,1.3582748387287396,0.5900191359915719,0.03608141559313444,0.2318840732699778,0.44147609547853844,0.2096110136654646,3.125e-05
492,-0.19242811903315815,1.3114309741308903,0.6372476655960531,0.035250275255936075,0.19244574417078614,0.42430088509366115,0.2147854685127204,3.125e-05
493,-0.25727751917681774,1.3714323535646735,0.49168516787228256,0.03332455850322588,0.2572941814560693,0.41163086178295316,0.21260378557321527,3.125e-05
494,-0.20979146715608976,1.3229229097545336,0.5510476503082101,0.034383196241444466,0.20980865875421048,0.4223376139740853,0.21231405427689543,3.125e-05
495,-0.23118333973516578,1.3202625429406605,0.4083025681442694,0.031477346427363134,0.23119907840837947,0.38544643732999256,0.2139240501165165,3.125e-05
496,-0.1934998117136239,1.287723088059328,0.4511571660690499,0.03595412517744914,0.19351778877621265,0.413367313461421,0.21123838037361825,3.125e-05
497,-0.23626903334679317,1.3599344162383429,0.5408307226676841,0.03549983686614682,0.23628678326522629,0.4349959209867241,0.21585133511825,3.125e-05
498,-0.20531933201168073,1.308745348581497,0.47694273951935384,0.03253573877749984,0.2053355998810695,0.3584787091980894,0.21681955351659757,3.125e-05
499,-0.23830429541183695,1.3491354442954226,0.4774921668776792,0.03348431014346432,0.23832103756690864,0.3911617354403869,0.21326239874622066,3.125e-05
500,-0.19741872515436748,1.2845361092512932,0.42002765707629375,0.03521495302649809,0.1974363326308807,0.40515097345146006,0.2181402286464089,1.5625e-05
