iter,loss,mean_terminal,std_terminal,avg_turnover,mean_lower_gap,mean_upper_gap,anchor_pen
1,0.01984921561038052,1.1098540545394324,0.10788850555706357,0.011118671301075406,0.70502803785827,0.6156919854589925,0.718758247633135
2,0.032550902162482485,1.074809377478688,0.12959439469083506,0.015244475254068208,0.6772507478498385,0.6204870607424305,0.6825858467087296
3,0.022267224717515275,1.1031407725178526,0.11313129847672714,0.013576547412540198,0.7125961938984859,0.6228198602086004,0.7324752663402027
4,0.026900886061671535,1.0553731071580885,0.07676943633569559,0.005937002638749957,0.7975000440951315,0.6174294291851212,0.8446457062662527
5,0.02840972153520723,1.0507559408313156,0.07771625032777894,0.008031078686835648,0.8140015098536569,0.6251761854086626,0.8808569436468767
6,0.027964014175522446,1.0617335443495715,0.09353573379284727,0.006947997321957727,0.824576768502558,0.6313525849442674,0.9051992390215282
7,0.02763937151212536,1.0444700143136396,0.05787417406982567,0.005420121088669268,0.8492997856901332,0.6334430531929751,0.9495491917275429
8,0.028575734992505757,1.0520007453579956,0.08107421076090461,0.00819596559883389,0.8236791714141095,0.6334900261090387,0.9073200181449956
9,0.03152436854222215,1.035354331639403,0.0657206980803338,0.010889009228721859,0.7909537143996499,0.6329092263644533,0.860732669192892
10,0.027936010422502985,1.0541238480617043,0.08099786466794995,0.009831296471998728,0.792263655423328,0.628441390501567,0.8567334093875663
11,0.02957750017404484,1.057677037938521,0.09604105454917905,0.009949571915045297,0.8051838068491683,0.6282924020407051,0.8784091325818337
12,0.026729310969487705,1.0680205503513018,0.09600637405681643,0.007010324776519003,0.7959302251914567,0.6266120018662318,0.8650165560060478
13,0.026918171888992506,1.0574320240476225,0.08060969925275967,0.008406176865639627,0.7932637360079865,0.6288544563734821,0.8621433134878104
14,0.02844541312496713,1.0561038399545732,0.08745314404140211,0.007878194574453738,0.7742887885227991,0.6272971495550084,0.8337765184736772
15,0.03485020283386016,1.0381499034071582,0.09253754944098394,0.011964693274395425,0.7486507785939112,0.6289796967181505,0.795863169309529
16,0.026176746752150665,1.0624059387576554,0.08457786583706617,0.01189056033107085,0.7459308655807544,0.6261589537846665,0.7931511310474587
17,0.024586491255714812,1.10172453648619,0.12182006238646449,0.011338315636357238,0.72414842961998,0.6274309487804144,0.7695861138218939
18,0.0332739997137994,1.0449949902962232,0.09569888588334767,0.009569303306129866,0.748150339140214,0.6265161090685625,0.7960061791138883
19,0.031303432077680736,1.055362839535526,0.10146341304951938,0.010420088856211204,0.7354025049523387,0.6304766731568148,0.7827961394115271
20,0.020131335896793202,1.0836721568474301,0.08069544217245807,0.007725992403093802,0.7497009740299544,0.6240903642431844,0.7968842445271029
21,0.025667535951251007,1.060692307886554,0.07856270100516818,0.008046924060198449,0.7570130950149969,0.6248412424208984,0.8075795598867892
22,0.03391526155285509,1.0400727022721064,0.0908110224377732,0.01093491616948285,0.7523256805423055,0.6271041375209674,0.8094428194554526
23,0.02557574803874933,1.0659447010671248,0.08667828134961675,0.009143824253527362,0.7633647267308676,0.6259245859008223,0.826565847899849
24,0.02313022739903628,1.0622450821718639,0.06372226073855769,0.006782511815945243,0.7959886131254141,0.6221342743997638,0.8650098775101871
25,0.025339591148301917,1.0678129252285578,0.08814800035636436,0.009832002368944624,0.7915278660146725,0.6217325967746605,0.8626644247650901
26,0.02502784367156133,1.0737868425501593,0.09488030481581038,0.009831389422353233,0.79099748078691,0.6180363601792301,0.8597892673961215
27,0.03310473903535364,1.063319819324721,0.11970000616337517,0.00926462490059532,0.7937477324710042,0.6176944706773421,0.8591114551412231
28,0.02230993776017396,1.0727212394657117,0.07756383247556793,0.009149388401501935,0.7919001566719308,0.6129314498187948,0.8475738032979895
29,0.03573845744555745,1.0851969146464762,0.14988691364641707,0.008319606056436286,0.7841552297823418,0.6118704621902669,0.8430255036410528
30,0.022953413387469562,1.06761176868157,0.07303996658383663,0.009682107028854848,0.7755980295626,0.6084322649805134,0.8225077025063839
31,0.021569422405736626,1.091975145974001,0.09904918116623812,0.01032088782991668,0.7496958346104639,0.6079315596807531,0.7899214086603051
32,0.03050778611459143,1.0588185511422714,0.1024044588350587,0.011417331838881016,0.7425938078200596,0.6077697888939434,0.7749409188392862
33,0.020815663171163897,1.09344492993695,0.09683731414822662,0.010218787192606615,0.7151938018293673,0.6043890736219641,0.7399601638742597
34,0.024187831550946857,1.0898166381296783,0.109374152737331,0.011908108046895998,0.703907332819208,0.607077370231389,0.7284492284468099
35,0.031782982368800075,1.0735744220496832,0.12534911439880123,0.014034721715908038,0.7048248849694533,0.6077085104284561,0.7312040644882641
36,0.024399780543429853,1.0901560736969937,0.11068735077262971,0.008932115504188574,0.7135281276228826,0.6059672066968301,0.7347066120223218
37,0.016414465262721296,1.1027422919037573,0.0828930534092522,0.008914208972503713,0.725203716353344,0.6050416098743955,0.7523096610568296
38,0.02496368822236794,1.071142566338293,0.09094216775475718,0.010702751691245183,0.7502094273102995,0.6026422927374698,0.7826938486105506
39,0.02602591210317466,1.0703759528622374,0.09557746985983931,0.008454230841882914,0.7597405477807462,0.6063508529803159,0.8001153115134629
40,0.028349468650993685,1.0707532819172374,0.10749397290949926,0.009007506770453755,0.7647568586907805,0.6048376186114159,0.8079279718994545
41,0.028113889794403123,1.0579792510082355,0.08860579314918632,0.011334433661392144,0.7688842447950459,0.6077309338410889,0.8167563696359452
42,0.02633193064695664,1.0579921441247353,0.07793799788417492,0.008117351062685083,0.7817376492280862,0.6056693590501323,0.832506514103747
43,0.024219428025646885,1.0652230624547905,0.07722892412406887,0.00681143923727347,0.7810130077377668,0.6093754632327959,0.8348697098312046
44,0.025737460836615086,1.085239100566295,0.1117017428289973,0.007679520987132963,0.768051113623859,0.6106160742367358,0.8243792575951064
45,0.02663336996864989,1.0853512999826327,0.11575250935812344,0.009591042916777565,0.7480298221246106,0.6171898363259452,0.8081108735837084
46,0.01896230979326509,1.0786558087594238,0.06442518759650365,0.005772446052063611,0.7620381300180388,0.6076538036531471,0.8151980253882573
47,0.025724894385439644,1.064696872171167,0.08561211374172942,0.007225839619027669,0.7515269469961762,0.6122802538566099,0.8129812622826618
48,0.026198680849517535,1.0622952478365644,0.08454726945793466,0.007628333000685005,0.7366910191089592,0.6176716539277669,0.8021297533102452
49,0.025801381244045657,1.059043999615128,0.07646094488171017,0.00700071805181166,0.7311084271145094,0.6202152599999041,0.7951038928992291
50,0.030660908828373433,1.0713982797747774,0.11846343541553604,0.011069498543178487,0.7121866090237073,0.625245767452178,0.7785135449297265
51,0.03176276035319388,1.0527464278303131,0.09996948148972573,0.005715533277452396,0.7381442988236824,0.6121226288172926,0.795330738586484
52,0.020556498617535876,1.0822718174805404,0.08129689254637758,0.007306143603564717,0.740564615156962,0.6173493580328472,0.8008277689984268
53,0.023498210354702627,1.0753881547064872,0.08878964086360148,0.006778996434776143,0.742808660074832,0.6143224585979142,0.7971904612613486
54,0.019722553064251032,1.076925841585541,0.06700973480598749,0.006423169349722679,0.7411296396219984,0.6071653708589707,0.7857686670521001
55,0.026746957703854927,1.0708465200248605,0.09990499028453408,0.008707928001620398,0.7309648724549498,0.6023153002295221,0.7662130241167646
56,0.019789552268463854,1.1001296242606526,0.09866108463067921,0.008009471702076484,0.7144307462463204,0.5951321223076516,0.7344122594132534
57,0.030579341379222524,1.0518529397814418,0.0924642347274157,0.008983762186703248,0.7159456956871616,0.5945944520670868,0.7317146190808872
58,0.03408754950169744,1.0461725819902303,0.10167306994410613,0.013117456790451095,0.7112890926304681,0.6073115586668096,0.7414436149548876
59,0.028232444618570406,1.0702748571921754,0.10640124953723323,0.008749951789869865,0.715675005669025,0.6004201381552503,0.7385608718544987
60,0.022452038560786407,1.0767836150860228,0.08476939891346527,0.007989556182981875,0.7316480438573418,0.5983754980988745,0.7592050118384093
61,0.02680296442438318,1.0680850266192712,0.09651119168947485,0.00987954199540671,0.7366369038273158,0.6002638278639492,0.7711455902687208
62,0.024262905872307644,1.0815270551140432,0.10070765777497045,0.006956200892704095,0.7455116955901558,0.6005945751618611,0.7807866694344476
63,0.024032332402952793,1.06347344674906,0.07285654116091085,0.006748053881163363,0.7562223140310089,0.5940899723028201,0.7800901655844752
64,0.02137121542267712,1.0998358194797544,0.10608068549283327,0.008347136359669743,0.73885876259,0.5946036388476303,0.768933923956663
65,0.024587496780981523,1.0687034479051012,0.08523061488235469,0.009435859253098528,0.7288439485659569,0.5945508121538797,0.7501861649569727
66,0.029106991706864285,1.0681866601079264,0.10792716171428197,0.010755059935031876,0.7110352686156725,0.5979176843930584,0.7320783772512499
67,0.021884826226610893,1.0971398814720494,0.1059278152398948,0.010211846661129675,0.7133322959684376,0.5985059965157364,0.7370835486845839
68,0.025730992472213998,1.0795353722828946,0.1055319131664071,0.009498075295443033,0.7090441657813006,0.5955917471182264,0.7278316933572667
69,0.03279952676602078,1.0542539593264948,0.10712045619690976,0.009180650771055721,0.7122393278147909,0.5995250905837292,0.7364560741270075
70,0.03932463905705409,1.0600591424608778,0.14019196504433323,0.010808698371102167,0.7259186770875821,0.6031810542477909,0.7659968690657908
71,0.022380462476288096,1.096002589038739,0.10713277852297928,0.007521691537844063,0.7494219576022465,0.6050430933411832,0.8004706405114579
72,0.027466345992224743,1.0668741703359772,0.09824584481567591,0.005726966351031419,0.7944394562536359,0.6051258525343031,0.8588647859341036
73,0.03495420868354592,1.0395033461736185,0.09540006855829145,0.007146823080715594,0.8032502517426541,0.6040106819592924,0.8671289007317383
74,0.029107969870402962,1.05242690129747,0.08507913405190719,0.006838448382414791,0.7972128070084995,0.5987854792242465,0.848529103315405
75,0.019309799910425182,1.0862869927416683,0.07931443139162794,0.0057872909431248894,0.7763583713370403,0.6003765332159416,0.8258557277142299
76,0.02190242341021682,1.0650135486227295,0.059960422041374035,0.006871200679000531,0.7646009916187484,0.589521540809629,0.789579427299505
77,0.027947572821341596,1.0570181534824554,0.08613729155931983,0.010075102540573021,0.7217502486790748,0.5932957204165923,0.7405628805913587
78,0.019001310014997275,1.100983689749369,0.0954755616887928,0.010744776074803727,0.6960606508333003,0.5922918812393051,0.7075266348280054
79,0.03363412091714678,1.0835738774133357,0.14142138635727883,0.010266318623880912,0.6887618186371505,0.5845576121516809,0.6880405874318706
80,0.02629995613027289,1.0707797899459917,0.09757385597164725,0.012710891781223777,0.6907018728464354,0.581429455575758,0.687251829138777
81,0.02381687737153978,1.0925512259616164,0.11041774001306849,0.010709965582722296,0.6863308120001136,0.5869660241936914,0.6885105401186344
82,0.03452387850053594,1.046332812238719,0.10407579918326851,0.008802286122045777,0.7032062397364123,0.5783500896342042,0.6969964431709051
83,0.026301119977719882,1.0758555409326873,0.10395308280459525,0.010120361664784428,0.7205282232063999,0.582729815097053,0.7290947436037585
84,0.021117535639089993,1.0784810191099021,0.0791597511202702,0.00851334151432193,0.7441289458179101,0.5813381217851521,0.7589338358459861
85,0.02914304149857274,1.060211934621746,0.0975464329610228,0.007190952272778849,0.7695863107589976,0.5861377114276543,0.7984074068561282
86,0.025382725680652356,1.0666852396818445,0.08673757606299408,0.004312251668074552,0.7870681691798815,0.5861232205757223,0.821810090133244
87,0.02672426465260372,1.0473024052022941,0.05759378975781818,0.005441329442636402,0.807670578600247,0.5861825406345926,0.8522324748898014
88,0.02742671506151458,1.0488012325939082,0.06689073956298584,0.007360629886907133,0.7937102021813577,0.5904269589852018,0.839161272230459
89,0.027942911844271327,1.049000818451992,0.07111044573998658,0.0045562876862226265,0.7819340582305916,0.5816361275659778,0.8090723507720929
90,0.020898605146533984,1.0854573677406192,0.08771658181136792,0.007414766286510413,0.7440699634217758,0.588772120118469,0.769770506693334
91,0.016560243351620096,1.0939018552846167,0.07227590158538734,0.006520053213395879,0.7279839812000803,0.5759267918717087,0.7310103637974266
92,0.02130381342544259,1.0840914323616002,0.08825444066723896,0.00992951747794321,0.7025469693019017,0.5774947872097296,0.7024155849193209
93,0.016072875528471302,1.1028520881649744,0.0810147932590748,0.005993131775612326,0.6754194489335346,0.5674870630516291,0.6576889597919364
94,0.012469177761471884,1.1148457486272374,0.07175502921580969,0.007379864078231109,0.6474921836573737,0.5598009110253259,0.6176715277633249
95,0.0271958284404394,1.083186756731643,0.11611414064752668,0.008859288876120593,0.6270019605888406,0.5601595407557156,0.5914169037733465
96,0.028281365744115734,1.1028726516316534,0.13703606127770376,0.011521615355283319,0.6118349128653999,0.5550193716080241,0.5724023718771727
97,0.023465199831917825,1.1144456338987134,0.12679193576342052,0.009923824025876595,0.6301653716067248,0.5550993155980803,0.5953147426364395
98,0.029936822253995507,1.083142343958854,0.12729864276214506,0.011402623511467414,0.6701809518877435,0.5591798335286398,0.6476340596899115
99,0.023031146600198654,1.1008260828509182,0.11452502853334495,0.007683087642813894,0.7220032153953433,0.5623349138973519,0.7201550929947265
100,0.02793578654533024,1.101713624203623,0.13486477333043645,0.006509429009563422,0.77651647625709,0.5687012979866464,0.8055836366403635
101,0.029014485100749186,1.0746933762190511,0.11496869797358028,0.00845628172909985,0.811799689209567,0.5744325476467679,0.8647734189951874
102,0.0249111987022035,1.0588464256558783,0.06991928587632795,0.0054695893282993005,0.8537757829613466,0.5765107915459105,0.9269102529804729
103,0.027917875563340275,1.048011764511098,0.0686783263527852,0.006601369424610395,0.8586718066044203,0.5775970098848939,0.9413795626607615
104,0.029830260691230733,1.0590123752453957,0.09926597924489783,0.007158937727767456,0.8439467577716981,0.5789936596535954,0.9185678410938529
105,0.029968663071822967,1.0554426935252958,0.0947444927238058,0.005981507090692104,0.8300620093746718,0.5763520179159625,0.8934780801942194
106,0.02839241736735889,1.0776102489380537,0.11541135783880797,0.00637349979724741,0.8133398147020907,0.5793640292979638,0.8701118435905022
107,0.023597495092681053,1.068979016672359,0.07963715251829097,0.005869896184231438,0.7933370784390531,0.5706841614910811,0.8305106313329789
108,0.02715905170095194,1.0520030666286362,0.0719014116916695,0.006814896828263969,0.7684372232638493,0.5706306617903409,0.7933151354085718
109,0.01924588551073193,1.092057100705498,0.08668951658843038,0.005767029856325314,0.7265927538019612,0.5699421659668475,0.7337668643687736
110,0.025768083241384188,1.0745893632009718,0.09980841632505255,0.007737031971917673,0.7044697691267239,0.5705853222568278,0.7079841775949471
111,0.02301034432389232,1.0859008341874787,0.09957941131722317,0.007987045163061372,0.678368701628308,0.5655050929404984,0.6767848133133905
112,0.022231589595338996,1.093339111439827,0.10385411558334134,0.006291380919051435,0.656778521388653,0.5525814776386528,0.630757423762684
113,0.02482599818046026,1.1001824729850143,0.1216127246799215,0.007915591643438098,0.6487539767787647,0.5728023999210252,0.6488908535503896
114,0.03860701555304808,1.0639938410593535,0.1415415058398343,0.009660972930596517,0.6514353343791663,0.5759935716072153,0.6568143492124012
115,0.02477854395231684,1.092833991581377,0.11497089237184904,0.007267448954126111,0.6722020955189169,0.5749955474767072,0.6841705020305506
116,0.017832583422468497,1.1043583270204562,0.09276104337688731,0.007208239562513909,0.6957134416733814,0.5918905821270259,0.7343440421125501
117,0.025687987262934128,1.0704310844590266,0.09390668142961929,0.006290956845323095,0.7262252911891893,0.577985215601996,0.7512761450084706
118,0.022869330204714003,1.0758315723919019,0.08583094645124212,0.0053155108167933065,0.7531073922183915,0.5772139029134316,0.7926491051370235
119,0.023026097799739388,1.0725174446765253,0.08178198485053079,0.004999470677084388,0.7600045012740324,0.5839798685510371,0.810033711671372
120,0.02883213173938002,1.05445500143799,0.08696726682795429,0.0053465401906226985,0.7626406107443346,0.5793061529264301,0.8013309324929683
121,0.022749018764984086,1.0868811365495468,0.09932011343749,0.006007510331565604,0.7597336747033288,0.5936809146957001,0.8264905309435262
122,0.023090986154392618,1.0917463896204258,0.1062329861469875,0.006513325721630861,0.7447009152998514,0.5907529590180436,0.8018132275228325
123,0.026596173256053623,1.0732439136517054,0.10219119268263444,0.007218334205404582,0.7427356300858601,0.5850112847893053,0.7880963361261722
124,0.025377994429970678,1.075161353609662,0.09854526696656256,0.005736679612759537,0.7460665963491275,0.5634567542943139,0.7640047627501168
125,0.028473892787870825,1.0614545385477467,0.09589211034569906,0.0074684065368725155,0.7446162585721623,0.5636918419918793,0.7628266576447771
126,0.023910199284011564,1.0672243855843155,0.07872883049889343,0.00691994664887894,0.7422638313682306,0.5638588366628197,0.7568680217665729
127,0.022913475093283956,1.0879261727881793,0.10132591538338138,0.008024385934604757,0.7402189612222025,0.5804621700532215,0.7796683316415662
128,0.026796916357337535,1.065483725506105,0.0928067774165484,0.008298552530542992,0.7611703662799401,0.5826078200441551,0.8089176664529573
129,0.022683062608041177,1.0893047676821626,0.10169221561917188,0.005153094933827137,0.7726412273434361,0.5839730043712502,0.831683376712087
130,0.018769904857117665,1.0919653755045156,0.08369769729927387,0.0055079709395832975,0.8097909673389332,0.5764184596331747,0.8761226309687018
131,0.02711079877536534,1.0555939075535277,0.0785101594076679,0.005673366840478044,0.8193120484627534,0.5714511575573935,0.8816074264833085
132,0.027707369961870277,1.0513993540993276,0.0743548892466505,0.006429836283510188,0.8284530987161556,0.5737608578611155,0.9013860860810103
133,0.02503388175456902,1.0618393853314683,0.07648343225221615,0.0064842770344210494,0.817508162692645,0.5791231705650275,0.8932662286875883
134,0.02534557339168582,1.0689357680404292,0.08984686215186384,0.006050361079884912,0.8202801082534161,0.5765751180490931,0.8923149291770893
135,0.026041998171325048,1.0653384337051408,0.08838976846958713,0.006256594466346051,0.8202772052692462,0.575038382171296,0.8925296976672146
136,0.02500179233233004,1.05472098425799,0.0616753719242423,0.005421864311788792,0.8170551862133927,0.5585495391807029,0.8652655105750598
137,0.02279547603749041,1.0740019938787708,0.08265431137395166,0.006082254597376458,0.7776420703220284,0.5689736188751678,0.8216104766558368
138,0.019212848125912313,1.0899171057818453,0.08372074055253885,0.007090100029854105,0.7575757717362079,0.5560849018627003,0.783520277714866
139,0.020874878120624454,1.0880544820562854,0.09088790696424934,0.006653535706031594,0.7400537371382235,0.5528798363516241,0.7581396488986538
140,0.02130405094669975,1.102829032732571,0.10854635965267724,0.007829464956870508,0.7121599419443474,0.5515734111860616,0.717124082067476
141,0.021722245534730754,1.1034152582423122,0.11097946102770308,0.009674110946354824,0.6854746606024757,0.5410267225105345,0.6751831338571412
142,0.020012955703044233,1.114312463912626,0.11223591721062039,0.008254680765265672,0.6711534659521702,0.5421512916516645,0.6544606944472761
143,0.03396424055629171,1.0887317517990929,0.1466647915104212,0.008826754277988333,0.6649776581263467,0.5376963442903979,0.6422967551974268
144,0.01903744620776197,1.123802734868037,0.11469984637623652,0.008131672098293463,0.6781830887236632,0.5514750091147504,0.6723656334078121
145,0.034910307561159926,1.0474545600194687,0.10752536841213403,0.008833232214845256,0.707409197801503,0.5455224734497166,0.6965821792613484
146,0.028134957797584577,1.0597139379058595,0.09149787675851052,0.00806237144819817,0.7335108513364648,0.5557792332157853,0.7485475693975134
147,0.021937659082798662,1.1021307877280395,0.11078057148023546,0.006777755746981732,0.75983932881013,0.564578324321982,0.801635988300973
148,0.0190745648164167,1.084624318001734,0.07532794748082225,0.0058180979143897405,0.7788679725032907,0.5669152336325719,0.8289905026382096
149,0.027307116840406143,1.0633345510960361,0.09240862426320363,0.006194613974147781,0.7876469413286454,0.5663847393386624,0.8412346409207505
150,0.030165806203940375,1.0436357705601105,0.07498647285829374,0.006037464080760736,0.8034605275868085,0.5689571217499669,0.8702537980159241
151,0.025827706536733542,1.0698538903830435,0.09380259226015403,0.005474840587341724,0.7891844822132488,0.5699875221013695,0.8529553299260182
152,0.02680301080400685,1.0704323229739927,0.09962204904382749,0.005478032995902538,0.7858105936101665,0.5723924689108664,0.8519718540448544
153,0.019197651166239893,1.0935358509400563,0.08814177122452027,0.005340702193449643,0.7967959476980645,0.5785479364290187,0.8872359439291069
154,0.01989025629471633,1.0859857136917452,0.0824713166665719,0.005531455927288091,0.7661058766002605,0.5786291055657615,0.8394928369041916
155,0.019897167301563906,1.0822302458155888,0.07704990842124713,0.007353196495277894,0.7615975563150208,0.5782022120023658,0.8341071668946838
156,0.016519273099809165,1.1079361758456905,0.08923205174326938,0.005895247968223683,0.7132019534618828,0.5679280929216655,0.752710756118282
157,0.02366970138506167,1.0791515936525886,0.09481339974290627,0.006640529732098447,0.6842434177686019,0.5505395014554773,0.6914276781238431
158,0.03032507240377668,1.0807700471289703,0.12663480809081568,0.007480633934259032,0.6521501644592974,0.5528278620056051,0.6543548801675211
159,0.021245799672517135,1.1131536829533735,0.11674712494356024,0.009003810449042984,0.6350273350770852,0.5703687704461587,0.6462189491763148
160,0.034634889166351684,1.0876555709562066,0.1481364106399261,0.009870870943216762,0.6119284512598503,0.5458099866719531,0.5935140095171625
161,0.028494114669926525,1.1030771483930621,0.1379518825564793,0.010278743682812511,0.6147449036760801,0.5448529408658246,0.59074861746548
162,0.026827538655101433,1.1037203046446973,0.13224209682362484,0.007830875591666689,0.6316784106662827,0.5540563675163144,0.6195586949091871
163,0.026423364697193818,1.0866439975644107,0.11618650904486069,0.00868305470105909,0.6636130237386457,0.5508855285121701,0.6579347028391085
164,0.027097599087775343,1.092026412083626,0.12393024529989248,0.007178444819859693,0.7093812456524475,0.5693138497383641,0.7341925532902294
165,0.0193504487886447,1.1023023096554048,0.09862913545042828,0.004092554266002359,0.7329465043104268,0.546623160849059,0.7381117601139906
166,0.031374121576689534,1.054598568835789,0.10070093710891928,0.00732990281977699,0.7836572330505394,0.5705672960865019,0.8453675465450676
167,0.020731930460481995,1.0908726601413774,0.09343362704859633,0.005795302380392737,0.8022612750958918,0.5775773383895554,0.8751619002611082
168,0.02327533886504187,1.0637634483575036,0.06796787962041062,0.004332155548968092,0.833026943850966,0.5694155286272824,0.909760459597036
169,0.0288528273849746,1.0478384019891653,0.07484330634700169,0.004620881475494195,0.8436216499698892,0.5779438446120555,0.9353408933717673
170,0.027600965675423528,1.064653807798362,0.09583889779325676,0.0040436762504045265,0.8414226545883815,0.5785460420890554,0.9323592546414066
171,0.024650486005893237,1.0558310683602885,0.061396333290737175,0.004627774884143041,0.8389904740267377,0.5700419710100797,0.9166763932598652
172,0.023632837489284145,1.0745482020787243,0.08832394035928051,0.005480260750711306,0.8036439398297777,0.581691318452008,0.8808518626306546
173,0.021281532492583945,1.0705008181617548,0.06650441590159545,0.005422732908430605,0.7779939060698065,0.5770561700424153,0.8323432848823116
174,0.02060041008724517,1.0832440131630232,0.08296486939579518,0.006331636681756106,0.7447213031080437,0.5785985331375442,0.7894843442571308
175,0.029017929553051713,1.0792937935441165,0.11987844923754229,0.005486753525869592,0.7103694625530749,0.5584461415515338,0.7161193095744656
176,0.024576007936517888,1.0690871093716323,0.08580054316414296,0.006573188173436271,0.6989955865534204,0.5512118994910762,0.6951660840753886
177,0.03458133216091783,1.06586640392426,0.12850396307283166,0.009213989422813509,0.6821199478700173,0.5475315587577667,0.6702804986156238
178,0.02368775449842253,1.0820262031479162,0.09846285017309514,0.007435365443293589,0.6875409615200311,0.54667980860059,0.675695250731509
179,0.028576754656056143,1.0869973691560144,0.1254242981835914,0.006938484097953016,0.6982145372297239,0.5467481804444587,0.6896701944963447
180,0.037704377756257804,1.0553805622430215,0.12925368496185302,0.00985277239133401,0.7264220522512017,0.5540657117338881,0.7322813050388973
181,0.027219161172989483,1.0693875933948496,0.10036980492290005,0.005892403728477737,0.7616827236818784,0.5645229395741895,0.7957026981083924
182,0.028238237601470463,1.0556570890680703,0.08549683929436847,0.007186477500702015,0.8023421442130472,0.5739985862547399,0.8646565833971633
183,0.025886924556405573,1.064795374111076,0.08667479019154693,0.004373021088369706,0.8268299444873879,0.5712673350049657,0.8974141880462574
184,0.02270027806124432,1.0709910032226453,0.07719981556265738,0.004741621101464431,0.8412974014130098,0.5742849604761444,0.924036677350266
185,0.024994983345015022,1.0618929573980007,0.07633604559661267,0.004169754551229685,0.83225947780961,0.5724388646765848,0.9006651686526304
186,0.024918794278155763,1.069504771596289,0.08829530700419363,0.0047546374417532875,0.8178371866508655,0.5756672785371222,0.8897376561256833
187,0.030579930329588497,1.073192351987081,0.1200397610004088,0.005844417841382177,0.8024416175093108,0.5612554867576645,0.8436209614349037
188,0.034506894847038797,1.0413390974061958,0.09616316226731399,0.007165485910191287,0.7799496699270474,0.5512852015181469,0.7909357199826196
189,0.02098781810865817,1.0793388787449665,0.07965174129566754,0.006054763502728457,0.7590863290683212,0.5600448007834767,0.7825727120156032
190,0.02394833860482836,1.06329096182507,0.07194889592626624,0.00646918925657406,0.7523603459647363,0.5513934142050821,0.7586467184863701
191,0.022177831520737486,1.0809255021338626,0.08900788387487993,0.005518521685475288,0.7234058708580313,0.5458630629560542,0.7117356509517683
192,0.020075940845416404,1.1011505592571933,0.10113698217032484,0.006494427177335581,0.698206221002436,0.5558154803638571,0.6954532055279359
193,0.02411523597616693,1.0730535817536309,0.08902671767732163,0.006828884136733107,0.690490615651042,0.5459424304996858,0.672575260506475
194,0.03686963345004558,1.0598667457811206,0.13098171101651704,0.009019196944220313,0.6884675992159074,0.5444771284005844,0.6707669431391725
195,0.022285084024916482,1.0885945462863105,0.0989794977882238,0.008038030010839445,0.6927683489394182,0.5620687079755211,0.6892989534362678
196,0.022055776670492917,1.090691413657669,0.10014510002045429,0.006808665560171424,0.707680530891129,0.5665678559962466,0.7155989866716346
197,0.023974527080178634,1.0626432252742446,0.07089982422560773,0.006753827224212856,0.7279752786538692,0.5638877297194079,0.7410461467044012
198,0.024641769871748164,1.0896496084712555,0.11127774995106332,0.006080284723210918,0.7344220655395768,0.5700457979586864,0.7574304230637486
199,0.02064910415373735,1.0765125127083344,0.07291450566887438,0.006868532473912844,0.7480954093668538,0.5629207720252432,0.7655096671785067
200,0.02268785397360825,1.083286227395149,0.094770805328875,0.006145077100317509,0.7566156614123405,0.5605446911691025,0.7809863816751161
201,0.032703135080015336,1.0484057735002255,0.09816667184243383,0.006701601944014786,0.7670528242857468,0.5567387998877704,0.7892850938633651
202,0.020459373698111114,1.0986932595919106,0.10056417372832407,0.0066029434193141485,0.747281918548206,0.5661871062107724,0.7656206491921453
203,0.021273129810868957,1.0903789631609908,0.09579503163466131,0.0048783898101967225,0.7398538476249741,0.5568964932635094,0.7479161751357992
204,0.023049895836450732,1.0783989346938458,0.09046206967642256,0.005819438634009054,0.7352908413853363,0.5541304551449611,0.7387126408322533
205,0.02588492270581725,1.0747350751033542,0.10055462939447588,0.0076960990781429406,0.7315180582795626,0.5630578962264409,0.7469170471640503
206,0.025895460786871598,1.0767253260171321,0.10305714387105551,0.005850139522337034,0.7234526823464573,0.5454922894980272,0.721904989074549
207,0.026971851807733482,1.096642151486859,0.12733222610607453,0.005651322404246502,0.7112873271702919,0.5463000773007258,0.6985983093535284
208,0.02589379152178633,1.080116070123183,0.10696062542804577,0.007296144191611353,0.7301759337121023,0.5561796977391553,0.7376334292639736
209,0.016617613911092313,1.0976755683229693,0.07789525004649325,0.005741967050161174,0.7282952118721663,0.5607773903434043,0.7391264620916684
210,0.021151196557991588,1.0767981203241774,0.07673068284912156,0.0060375963308869525,0.7543627152933572,0.5688990135962577,0.7885811551237217
211,0.022494311811212933,1.0852823472318232,0.09618252865061212,0.005485558494566313,0.749958460007087,0.565337403469724,0.7760757845251656
212,0.026695058626658393,1.060913340634207,0.08524687335500584,0.005827806132610211,0.7574434009126012,0.5553778962158709,0.7710259018526632
213,0.01890331323263233,1.0766173745622014,0.059960871143515254,0.005589692048371531,0.7705667504373608,0.5540398874648966,0.7914521237061218
214,0.019007456749645796,1.0942157510859203,0.08793238967476304,0.005747554215956602,0.757092754537301,0.5687045792849647,0.7929672319953257
215,0.02348861691747014,1.0908574063982712,0.1072022252834325,0.005823725986908679,0.7559277271170781,0.5601227173208915,0.7837034765127613
216,0.02658070844106548,1.089280707948566,0.11932378030372681,0.006625661865786526,0.745671912582815,0.563345980221255,0.7715660085691798
217,0.024567932849726463,1.0736789555812232,0.09236113980961412,0.006231847882019703,0.7470694210536593,0.5360637599083398,0.7411459186282001
218,0.021294193148578507,1.098827988065346,0.1047486698105721,0.006745973235471308,0.7401046020271791,0.5824755039723728,0.793873493530074
219,0.026996591780567118,1.0734964929723119,0.10443902162074892,0.007515963043403012,0.750446551792205,0.5689151482380604,0.7842929012015225
220,0.022156038227689634,1.0884635337353634,0.09814053125297115,0.007122248678203073,0.7433221006283198,0.5615619367015539,0.7696879759361777
221,0.022001020335822984,1.087057772309993,0.09568963472921299,0.005924504760998629,0.7657194019223239,0.5798771087525743,0.8264284087039614
222,0.020412950359549015,1.0883509411462198,0.08867470929289674,0.004832568341272886,0.7669997318559197,0.5563093268733355,0.7940138009313018
223,0.028748527867366903,1.0556597347431873,0.08848391397111674,0.005137504186911036,0.7826666327894596,0.5451063750855338,0.7987515712498406
224,0.019020747369352872,1.0907691825289434,0.0836985754083907,0.005189852308699889,0.7658073496786494,0.5510822531882558,0.7873450625483495
225,0.022643110170735663,1.0992307988977528,0.1113756610174615,0.006084468605725434,0.7461281546864118,0.5627926878069207,0.7805594426829776
226,0.023344592290024613,1.0760407360377895,0.08885409616020651,0.006468277787394222,0.7436453557580694,0.5601536420819827,0.7717448573701117
227,0.019383082720841223,1.096231080257482,0.09238413098376626,0.006165077140963287,0.7278679074172946,0.5511062232157307,0.7410128154544293
228,0.020875018948994746,1.0978284286639026,0.10177854347814656,0.005684021530245555,0.7145371213028894,0.5458094125881512,0.7143302564429218
229,0.023257444063115848,1.0931317038182413,0.10843991173452444,0.007459456683922642,0.7084419579880765,0.5366376148247824,0.6993742064841186
230,0.03580726454832267,1.0709952303439823,0.13815303650724262,0.00992905677115814,0.6998319158520714,0.5352883294765065,0.688434013777885
231,0.015638398138520755,1.1183807349781696,0.09434442865619833,0.005812300825621933,0.7091335735901265,0.5393130736859899,0.7001019652686351
232,0.026318906428626537,1.0706102761421934,0.09745669789613533,0.007131100315557128,0.7331595358483805,0.5386193236765888,0.7226672349297314
233,0.02596383651968633,1.061879355342933,0.08245725291683555,0.00645642458875393,0.7737500846484464,0.5578314417792252,0.8086905602289339
234,0.024868115294649683,1.094164148258095,0.11651383608382028,0.0060973808117019464,0.7892193423261568,0.5749873283445763,0.8531640093616222
235,0.027203780788423493,1.047286789845896,0.06158794528776018,0.004467333063491322,0.8057482356358818,0.5550307265922922,0.8491389502033817
236,0.021781568221515606,1.0831903853427751,0.08969240204008562,0.00560952554667959,0.7966907321579033,0.5734625997792367,0.867456358792501
237,0.019991616835672247,1.0837861816157388,0.07999872306146605,0.005216153190685634,0.7690306063239742,0.5648422682651595,0.8095340756641669
238,0.027280973969510063,1.0604133039271946,0.08780664214515091,0.007089730157683876,0.767522022656477,0.5544267670048373,0.7943211402404685
239,0.02870540418032224,1.0727403959978092,0.11147152153144613,0.006802809154508045,0.748890009526121,0.5641155493002525,0.7769444783771505
240,0.023142302695619503,1.08579226066908,0.10009236428857382,0.006365369992945251,0.732608970057707,0.5504009080455337,0.7404821367063275
241,0.023876894319001623,1.074940118598068,0.09032533447214564,0.006639116209324943,0.7230693929723295,0.5416668608664903,0.7161521902205176
242,0.020064351457042953,1.1022828523385686,0.10217714884052556,0.0057850489038197995,0.7090231875456807,0.538218892562478,0.6975571587422171
243,0.029002219730317247,1.0949184368759495,0.13371123750199512,0.009675318571967075,0.7173213349222769,0.5441203522350837,0.717144688365099
244,0.03288646335493797,1.059480527194524,0.11427437407990183,0.009068046451317126,0.7332278114309092,0.5388208024873921,0.7304049960443699
245,0.02249082438270554,1.0753510917152875,0.08284982980099652,0.008017732998616753,0.7732503680072845,0.5593051811382659,0.8136201508213607
246,0.029100192330141224,1.0821950418645874,0.12301080656529954,0.005742694462453658,0.8019075566347351,0.5554289212501871,0.8478294254692923
247,0.028691836937763143,1.0622074267393449,0.09802893553025463,0.005625987673697993,0.8284047535845059,0.5617450064915991,0.8974550310163527
248,0.0262553170979622,1.0607591815009747,0.08228790443388746,0.005830442525579754,0.839825646539628,0.5567317817211042,0.9018190303752688
249,0.02991757897417039,1.041065330578272,0.06755288238891043,0.005217321626164839,0.8398165017072423,0.5461414346412938,0.8874058930026607
250,0.0234295160592714,1.0765233551655293,0.08995692121579985,0.005104751402345778,0.8155451051658928,0.5504601468674117,0.856818136654181
251,0.02436755629832737,1.068436325263313,0.08349951830292202,0.006096353767382442,0.7856760201912685,0.5420574671425271,0.8028987751918842
252,0.020152114395603327,1.0901940403417965,0.08948695926125569,0.007979134299270794,0.7679949328014748,0.5422656138303557,0.7887060701941322
253,0.016068940760750525,1.1115259311477357,0.0903286568950006,0.007903232521644717,0.7329079111132347,0.5384415643241247,0.7411041249894392
254,0.02834182012173926,1.0732818258976957,0.11047554470677738,0.008952863068649113,0.7216518402511938,0.5245564256813543,0.7052563258953679
255,0.013441086108072708,1.1265450454025459,0.08929789899318148,0.005709150810287106,0.6925070981910559,0.5118165428456751,0.6563183775192127
256,0.017793820190655084,1.1219242093424941,0.10780582237052326,0.007417752280791054,0.6988119742737549,0.5275058993412441,0.684780145948198
257,0.025894208737089742,1.0783916458156533,0.10502189106045508,0.007749954157334586,0.7093763046486847,0.5188457413697609,0.6826937359280708
258,0.02940100032862991,1.0747665757849287,0.11679890093116299,0.006642679704516112,0.7136617054808625,0.5230846230770341,0.6896384956577996
259,0.030610211497338464,1.075524013690674,0.12262119142202473,0.00788392529665533,0.7322897247814993,0.5276936607666624,0.7209981860554187
260,0.024983190121457506,1.092035424617087,0.11509556505467612,0.00824101863215433,0.7317180099850012,0.5208391465859222,0.7161046995742937
261,0.024587690054962676,1.0701743038788556,0.08744975238747468,0.007729399140250971,0.7593754653609203,0.5436317627011957,0.77790089852028
262,0.024947424618802883,1.063918004245136,0.07964767506776495,0.007492712388688641,0.7734090684842327,0.5314014472557148,0.7787019408709841
263,0.0210557093547534,1.0738207014422594,0.07109058610282237,0.005691734291569758,0.7612551875997822,0.5231157344346109,0.7493080349559655
264,0.01776071436681701,1.1243037867253243,0.10930494255182227,0.005036620678391644,0.7566142181180819,0.5450883405965661,0.7819057575624095
265,0.03127074315477307,1.0629577238393662,0.11137063726936866,0.00820661571370662,0.7726697395098213,0.5341040469347789,0.7853223798668598
266,0.025649652838807647,1.0702907972759754,0.09348550136485616,0.00734674713201645,0.7681643259616124,0.536258393494378,0.7828985493504388
267,0.018099137285568393,1.1024747295845754,0.09222965852947924,0.006558498523618771,0.7548643968111579,0.5269769999537599,0.7509050497874687
268,0.023384211413110936,1.0958778567663376,0.11162470153047065,0.0065965499293825815,0.7551561422125119,0.5332559454372607,0.7612015984361047
269,0.027610458435014897,1.079624073611495,0.11418599048100755,0.005822407907050657,0.7578535642766173,0.5322565072284842,0.7583195108831023
270,0.0200190604432436,1.0864316115626802,0.08389852991741381,0.006991730546832777,0.7484120111540047,0.5309589059587888,0.7532653814359294
271,0.017395537403024693,1.112889302847127,0.09864280554438323,0.005901167668463919,0.7234111062745079,0.5258083029389404,0.7095959122966289
272,0.026402786517505508,1.0751792674800629,0.10365017813558944,0.008213704264303907,0.7200425633922629,0.5303892866505204,0.7099811888810192
273,0.024413110165325713,1.065588691554022,0.07918935906985668,0.007184674821971236,0.7184599133665359,0.5161519944886632,0.6857106244923341
274,0.0256812410992699,1.06621431240334,0.08778807930825337,0.007331063245247443,0.7163951186362718,0.5185478140004297,0.685529616814055
275,0.027048874674754676,1.0645923522591798,0.09292265275302838,0.007337713152316169,0.72353288038265,0.5327304823722168,0.716865002404129
276,0.02032643990457909,1.0910919714711547,0.09156859120095613,0.008163604006562256,0.7230033899372968,0.5379159524609007,0.7251072800491651
277,0.030836660628799164,1.0693422588285821,0.11698276454853344,0.008500179299162698,0.7293199120249801,0.5252941037139505,0.7174792006513574
278,0.025660757044685942,1.0786626994193154,0.10421488735127248,0.0062557547054574265,0.7262283682697634,0.526031890468723,0.7101803213461959
279,0.026993057262554347,1.101252317048599,0.13099358761463778,0.007102354101999284,0.7397786052030855,0.5456866513423403,0.7553002402813862
280,0.02817899506425767,1.0623699955975525,0.09567185245571529,0.006284200215059384,0.7681766336016129,0.5343561770603378,0.7758939991672642
281,0.022547200138038494,1.0734005564345874,0.0801944195151369,0.005791135498812435,0.7899456245393688,0.5492435158780979,0.8284497009783021
282,0.02558597334593392,1.0673620761075715,0.088908552638754,0.004828595065891277,0.807018275705354,0.5379125846974206,0.835951640562923
283,0.024435355298645732,1.0569884590681147,0.06237592241477435,0.004632393352940406,0.8310646163305915,0.5394256621983015,0.876663684866225
284,0.027284209502282185,1.0699891352705437,0.10143572105536572,0.004758037378798916,0.8059819477165797,0.5702623517354581,0.8742101118048331
285,0.025960205515663425,1.0562271259331264,0.07211342508382583,0.005171169985203944,0.8071345802273022,0.5427290822888196,0.8404895090858647
286,0.02281043322967366,1.0771683732241373,0.08738705480743447,0.004945370281039141,0.7884445717489107,0.5431607412279886,0.8138197507020285
287,0.02261380292400747,1.0754949344838054,0.08386333805018402,0.0049695594044040885,0.7588391289874757,0.5225060401776997,0.7426255649173596
288,0.028815771967860556,1.0622148331381396,0.09875428062319398,0.006285052409796483,0.7358877404475086,0.5297775293487479,0.7232676689554376
289,0.020133099090322185,1.0959817578180107,0.09612517042715223,0.0054316134130236,0.7111943859117722,0.5151092539654041,0.6782438062913367
290,0.019464188464670934,1.0980479176669706,0.09485144310917255,0.007399028485692252,0.6957191169934982,0.511340313502143,0.6576608425188214
291,0.019831049107411132,1.1255036261687805,0.11921207922937248,0.006418007392951408,0.6698500415934384,0.5167471835668646,0.6340155182718021
292,0.026896909036807037,1.0937428113112482,0.12462868509213292,0.008972817395894497,0.6797004503111723,0.5147459391917648,0.6503692358013797
293,0.03768930872207598,1.0406904441560052,0.11060891321356385,0.010172041699656024,0.691655057458147,0.5157345384944564,0.6527041487978398
294,0.016368208341112377,1.1147318980543717,0.09499437654056811,0.006847416849292496,0.7032282827988239,0.5110471775696307,0.6678014052180397
295,0.03645102116941765,1.0483911525176166,0.1157030448246524,0.008958368102696887,0.7233099678854952,0.5183924351731998,0.6962558468285198
296,0.021237866266545093,1.0896825707131608,0.09479921594123099,0.007710041766933675,0.7467922572422809,0.5215556162029475,0.733296772492404
297,0.03299298014922761,1.074446206514157,0.13091751342480634,0.008177155782021533,0.7886267488183656,0.5380407502355928,0.8165261342546375
298,0.029071780380571666,1.0564006133578596,0.09139772287036566,0.008134741308545107,0.8344332961940639,0.5472407141751469,0.8931804937601998
299,0.02656859630801197,1.0479924908261007,0.057988111939088136,0.0036340168953125193,0.8927821216610285,0.5337182389558659,0.9605831960338789
300,0.025261427424834348,1.081541645672011,0.10546358485996438,0.005168847061375885,0.8947261949106762,0.5635877409343708,1.013091361626424
301,0.029352369095661107,1.0444384224691177,0.07101766784253553,0.0044879096462640475,0.9208689237432204,0.5635976141174215,1.0496763632541382
302,0.03421361580783938,1.0284771876824075,0.06840347677693728,0.005147604589751274,0.9486447581830575,0.5586782195000757,1.093574227405329
303,0.023371851780025522,1.0663515765900442,0.07351316747424637,0.003669235575335866,0.9110542148745809,0.5530803088272516,1.020956723867856
304,0.028663341156877156,1.0526543808855637,0.08277656942071392,0.003776921482373299,0.8885348259660621,0.5400381869505639,0.968723181160259
305,0.02586251336920285,1.064924509086031,0.08672643026454997,0.004943875069723683,0.838498138041422,0.5452730098423959,0.9070754205163554
306,0.023124366245339374,1.0681827500075862,0.07520478221778552,0.006322518905790014,0.811380723882157,0.5362936615810444,0.8649706244651794
307,0.021409649160222033,1.0919639082609234,0.0982462112590026,0.005879933524107511,0.7724547037973399,0.5224938583295842,0.7965408169518609
308,0.030937978334362848,1.0517397182571186,0.09417176594361688,0.010074871934639303,0.748463363194292,0.5378658197123565,0.7847081901031552
309,0.019331396136546948,1.0916337744911386,0.08664082433334486,0.007847918968669836,0.7190268330761248,0.528467116644302,0.7367694537932827
310,0.02018013477757155,1.0907537176411324,0.09037329197298903,0.009486841781781871,0.6944212874339852,0.5152558933047386,0.6856582452121335
311,0.018333161453738516,1.1202940002284358,0.10908723501889678,0.009568244057662939,0.6817555624203678,0.541375136153496,0.7052196602826043
312,0.043951964970259653,1.0681401501864236,0.16276396469346233,0.011001210930110328,0.6549649488279029,0.4998808627649249,0.6183556373598632
313,0.03512248561009322,1.0738124968631477,0.13827723719347745,0.012493989415527077,0.6637017551437246,0.5261005938091032,0.6611134690332316
314,0.026994001713190642,1.1116049876826424,0.1382192544275127,0.01018156935889684,0.6699029725720864,0.5141422129919005,0.6557964674846688
315,0.025778210731920957,1.0868760318478405,0.11358687292781591,0.00777082305636724,0.7179742342649729,0.5276330431103335,0.7143003685402062
316,0.030660267755905468,1.0649228879870285,0.11103892513448538,0.006688113131365853,0.7634961896096789,0.5359285670275251,0.7811055798738784
317,0.029525875687694988,1.0485260480315195,0.08054318550360084,0.005363375676395795,0.8323140869870027,0.5415388950918235,0.8894945600158175
318,0.022499204526846155,1.0675451843765935,0.06968057670760831,0.004532090804977332,0.8562914456210364,0.5595420035221844,0.9501148390569445
319,0.028200842657883356,1.0517604361284996,0.07822407000797532,0.0052020712600272054,0.895775210878714,0.5639331389127162,1.016671611980608
320,0.027255619957175965,1.0507630400544197,0.06981553741253294,0.0045895031127554395,0.9142732786985847,0.5645016115319923,1.051509760636626
321,0.028556674471399278,1.0499524201247448,0.0770343505998074,0.004201861589265887,0.9120740204532691,0.5599335986216911,1.039052110549302
322,0.027244221583301323,1.0550515752829548,0.07830165331339568,0.0053369612687658545,0.8860139675492182,0.5467220718415629,0.9768988246845058
323,0.020031382788269363,1.0838366880520711,0.08025874695469273,0.0045367482657039365,0.8432790152630318,0.5476663694592159,0.9146453455445193
324,0.028859109509632802,1.056887892927194,0.09104210011185253,0.006948032616077498,0.7997262693215913,0.5294400578356148,0.8242229342185056
325,0.02779993500662998,1.081487296352509,0.11692083662198212,0.007561172217359045,0.7536286680390629,0.5343840181428143,0.7663087219038034
326,0.02278962634775747,1.100351899396422,0.11305438654370022,0.0077976687726179,0.7210294430954323,0.5225271886325984,0.7079040831170071
327,0.020059661625649483,1.0978143850197666,0.09767256181248495,0.008359419430368067,0.703571654902165,0.5256199688616996,0.6947296631694186
328,0.02037666632127478,1.112350921777109,0.112343108207508,0.007544477868087002,0.68657915455466,0.5144294756979373,0.6578696836042379
329,0.02639647118644975,1.090288477691817,0.11954007655592734,0.007797700913528204,0.6719384560796263,0.4982525738783038,0.6222545536027866
330,0.026308889549045318,1.1045696641134857,0.13086870725991015,0.010475756628015222,0.6742277708796507,0.519017673580702,0.6484624512433251
331,0.019286037302664847,1.0890503261284068,0.08310355373810158,0.007569369083991702,0.6777591157360727,0.4982103089447134,0.6243715746644926
332,0.031000859642991464,1.0851608984552534,0.13317156974059283,0.009926644921752825,0.7002029300476097,0.5248990615731397,0.6824676729154533
333,0.015747710255592927,1.1262046205793474,0.10111653151044789,0.00724008526254725,0.7126959478233914,0.5216182125104634,0.7015920178893533
334,0.03821210736650113,1.0503931756097327,0.12547179615342893,0.01107041357149872,0.7476353478471275,0.5343837260242782,0.7566341882174725
335,0.0215865143589212,1.0731961534787118,0.0736375787901919,0.006361487774916715,0.7784823057982444,0.5224666146267942,0.7844436847017451
336,0.02018162881173604,1.0786599396882077,0.07328394316788743,0.004790009067280145,0.7972710253586381,0.5322367411617176,0.8289223996526791
337,0.03891196604572719,1.026178367218237,0.09273259146110287,0.006961959736381118,0.8443788051482006,0.5499801184554298,0.917105439809994
338,0.035420081565722746,1.0383053715086223,0.09580303565225325,0.005248236885240952,0.8498179132154748,0.5397746985494972,0.9145880568599984
339,0.032676537013664186,1.0356738996902468,0.07465026516623739,0.005474973023348729,0.8733724630496271,0.5406854301912488,0.9533270824027738
340,0.024259490094211376,1.0691185349776653,0.08384103660438255,0.004800080334577686,0.8660270890218428,0.5549688347241643,0.9541270858677315
341,0.023860701247495723,1.0574914389725856,0.05874626978431999,0.0041697878669191505,0.8799280958409661,0.5421620038805297,0.9671727995237775
342,0.019305850897477845,1.084307005623769,0.07630777796666637,0.004731401893730992,0.854859121116603,0.5462221384900074,0.933735696354405
343,0.029004545640654227,1.0455389583557562,0.07108647276226514,0.006246844216573698,0.8334519372217184,0.5295121487674641,0.8679880083257885
344,0.0199016047921694,1.083978618632563,0.07969690228903886,0.006301345162079871,0.7993780633213846,0.5317736542097641,0.8274627813044104
345,0.025069439292458154,1.088023937442482,0.11156507830891925,0.007502796084483888,0.764545869692439,0.5221640123637163,0.7653121241320966
346,0.0289508104664425,1.0624742098882471,0.09980773064117718,0.006424311891459952,0.7339711950871675,0.4967289277172,0.6946011294741055
347,0.025245025273105792,1.0947472405931817,0.11869335405974878,0.009056826061099182,0.7241985065887168,0.510967009475287,0.6971278634225355
348,0.020573849263991098,1.0985831631286112,0.10105529699144017,0.008148577079689254,0.7092837193634698,0.5077268753705135,0.6815283588530975
349,0.02382251071933674,1.0793670234947514,0.09589959065589354,0.008743920891621262,0.6940731748228411,0.5038124087356742,0.6472028996134758
350,0.021310506033628177,1.096061717612819,0.10216219011128862,0.008073749061330012,0.6825375986340838,0.49130372548742773,0.6215265063436516
351,0.023697699952890533,1.0787464088105363,0.09447064487126797,0.007601409645475364,0.6820144903200964,0.49986705158611844,0.6296242451026555
352,0.036046837369134804,1.06004941388107,0.12802500392408758,0.008769149319182119,0.6740779908769822,0.49735680644087893,0.6150003502097534
353,0.032906091793189415,1.0617428572993508,0.11713681721511372,0.008701027908408546,0.6748101529185201,0.4945809945713751,0.613193102463875
354,0.02835713994890339,1.0984430075184877,0.13407039462199113,0.00910020962586046,0.6656503223508672,0.48436221213397124,0.5934630329119337
355,0.030616934166927585,1.062884220904119,0.108364539746184,0.008267736714312877,0.696254670976449,0.5021361307426309,0.6505607874049265
356,0.03873115214378901,1.0216615149214439,0.08274813922479103,0.010221528467120914,0.7256628966764052,0.506081401803977,0.6906081004211153
357,0.018391496006192335,1.1017861475591593,0.09311126405382814,0.007100223411983069,0.7194525331931101,0.5100242713111607,0.6872747780738763
358,0.021222778460092958,1.075421672428147,0.07498495984475274,0.007403297349443815,0.7472194680529928,0.5172578753030989,0.7287125922440966
359,0.018637758911151645,1.0840994845863507,0.0715891267804829,0.005744877840323441,0.7607996820998144,0.5080658608622779,0.7408148696975293
360,0.017629013546671592,1.0986139902122258,0.08524490100307457,0.006051403734099528,0.7688286382670985,0.5250006935879827,0.7714601522689064
361,0.024906448256406605,1.0663947210833977,0.08349479901311141,0.006643891766157522,0.7827264911828694,0.5159910687276432,0.7805234801751395
362,0.023144324959864085,1.0763231832517715,0.08811426285438963,0.007060387375464625,0.7761141731482827,0.5168789034983774,0.7718625314127752
363,0.021349925792077624,1.1096488348755948,0.11446516947652327,0.005992104587035443,0.7742879816348431,0.5257240404488228,0.7832562486388484
364,0.021992292262738293,1.0800755550370165,0.08678573131179225,0.006031823129196845,0.7535225393444538,0.5044665425633276,0.7262478060685236
365,0.019541279246672233,1.0934936562495061,0.0901006374514565,0.007219176372553935,0.7452329517261167,0.5091921373857562,0.7233394204250628
366,0.019966444518424727,1.1039771530853424,0.10328997603905217,0.006301746149719003,0.7356958894280726,0.5093823664241528,0.7093649253126662
367,0.02194265257886236,1.09420865699931,0.10333538453129737,0.0061926110515093495,0.7162470407049488,0.4965751659104501,0.6645001769011589
368,0.02506102394572081,1.0809257778298313,0.10394138960880166,0.009559211693629197,0.7180404567979345,0.5127818152519449,0.6898187478778536
369,0.013754761084592325,1.1139772145721651,0.07925233871101145,0.008558704506743021,0.7011844668853068,0.5016652780737669,0.653495761573961
370,0.020327588527921173,1.1142293722273342,0.1135482372061288,0.008968059878441886,0.7134566491345383,0.5147396283100598,0.688177069062375
371,0.03028734708274875,1.0676652743793253,0.11268997198345257,0.009719021953654068,0.7124674399733806,0.4939662274145127,0.661186700645197
372,0.01761004380146593,1.1063786043123236,0.0936615336519556,0.007269146555908621,0.7070669993475414,0.49083983986768553,0.6532603836509572
373,0.022509838944071055,1.1038743485868594,0.11486947956212604,0.006307492953920046,0.7202870495196665,0.5031938164390345,0.6839325664282537
374,0.0201774523103077,1.1005217228680868,0.101012376026259,0.00777048877435645,0.7278071450139426,0.5069539474699536,0.7025408992927609
375,0.02894978902479072,1.0619273014759947,0.09903076877341976,0.007546756380590672,0.7412767001567291,0.5038987811454743,0.7107902685471885
376,0.02735413747008674,1.0582878548583887,0.08478645319512117,0.009012405951351794,0.7623592470588778,0.5032918540940714,0.7405033808986041
377,0.023097277386300075,1.0885937164052386,0.10295840662210379,0.007676617008572207,0.7665998574092315,0.5273823671979492,0.7780725073265159
378,0.021524229573905748,1.1039156178195118,0.1104726093704067,0.007371590399928999,0.7789561081670169,0.5329031246900704,0.804520633932096
379,0.023494418812410087,1.068272882936978,0.07781856312902535,0.007837709766449753,0.7907762050601497,0.512249385286456,0.7881896544246882
380,0.03346239647525036,1.054870384250873,0.11093782475395775,0.008278554029921751,0.8106402404190318,0.5289855250806927,0.843115925914117
381,0.025160364977446822,1.0713224127689664,0.09224781467961271,0.006008591926842437,0.8244213439667775,0.5330922211648865,0.8677561675554366
382,0.028557194747438924,1.0475037038900452,0.07216444012936225,0.00801445132025461,0.831071774700657,0.520078332932167,0.8635354967931737
383,0.023031512715711216,1.0697575567089768,0.07730449982469177,0.0054795029507433875,0.8276924989445037,0.5259832235651003,0.8695348519932027
384,0.025567982340777562,1.071012419585817,0.09399878741399632,0.005910067745255555,0.829005300657065,0.5411402247632828,0.8850433662533996
385,0.028364454738023827,1.0594813383386974,0.09235779625705061,0.005626160271743737,0.8124294180618346,0.5219806980168201,0.8337177320955516
386,0.03468343895957085,1.0420105466503333,0.09814985088007477,0.007675593872427807,0.8016466332949406,0.5205410378651325,0.817027681910287
387,0.01764850924362653,1.0868046182651183,0.06894018119557156,0.005695645807737093,0.7748104701294011,0.5089890088551728,0.7687056843500051
388,0.023665286216996255,1.0666667291544398,0.07620628277256764,0.0058529092599806576,0.7571803692058925,0.5087706330533917,0.742746593482555
389,0.023399835608511454,1.07724982849241,0.09084225645230401,0.00733401140155795,0.74190039734024,0.5122879765596542,0.7258143462095875
390,0.02108012068449802,1.0975975409549399,0.10257692202792854,0.005492251371350081,0.7094701098814938,0.494544132658543,0.6633988192777754
391,0.017027213237030624,1.1002880180705823,0.08373917879014135,0.007486167776399551,0.7000546249513281,0.4920258481188889,0.6499766451446392
392,0.02828360602235927,1.082489250939072,0.12001007714060151,0.008861179355301712,0.6885619677483585,0.4874745315621505,0.6355008285045921
393,0.028608351140381755,1.0878829748153402,0.12635169134214003,0.0086370432041042,0.6901798819821043,0.4989023230137708,0.6473685590062975
394,0.01899199447269897,1.0965951227536017,0.0907276382268813,0.006612761949671815,0.6803172882771789,0.4795579677538972,0.6130873417875107
395,0.014621421556620804,1.121574427634386,0.09163156203253742,0.007179019637304052,0.6867382448131314,0.5182770988571378,0.6732897558659265
396,0.022432672970370944,1.103592288455931,0.1143013463433198,0.00871329930632313,0.6912738221548731,0.492517217016895,0.6471505000464315
397,0.025395019572952333,1.0903190429309664,0.11529672838218652,0.007386226547801066,0.6947340264167061,0.489056549186493,0.643854271896629
398,0.018850552735897405,1.0909049745044173,0.08292942029917036,0.006046307333446816,0.7054890516892593,0.48689848497635646,0.6549308952569401
399,0.019884416328682677,1.0902435557960897,0.08809426288716922,0.00801213329423986,0.724189885950943,0.4987022815811913,0.6932799746868342
400,0.010404724881402271,1.13323440228534,0.07662791802845272,0.005598279842732682,0.716408811287685,0.5105290854978378,0.696437419884637
401,0.0265056873644716,1.0837406265308793,0.11360137223509958,0.008406046835178253,0.750839104993194,0.5212872021554356,0.7576762450627494
402,0.031077722468257574,1.0469193464405178,0.08696960265605418,0.0067614654228196165,0.7554898625772168,0.5018467736869638,0.7356272248461345
403,0.023425946035398007,1.0853549174174733,0.1009833781490133,0.005805234819394392,0.7765193066166556,0.5187299785089072,0.790031778375844
404,0.02037859370024397,1.078266720316059,0.07399866140652395,0.006124910911142913,0.7846423048289284,0.49950640453348716,0.7767551676686502
405,0.017602838563901255,1.1004204507673636,0.08717207510498964,0.00614325212791916,0.7943859724453528,0.5236905682344273,0.8163800828834216
406,0.012666684531354194,1.1085641488770381,0.06496328055475452,0.004214790865961082,0.7956920717025322,0.5141629740249949,0.8172704947204643
407,0.02775750359240895,1.0609994719956344,0.09138935997145298,0.005439350290413385,0.7974933418201116,0.4958129057236818,0.7890234063429027
408,0.027376056894799525,1.0627442952333714,0.09192573966678416,0.006489011420093228,0.7945094914749986,0.5031351822743424,0.8009777911018925
409,0.026671128155663925,1.0644671798257628,0.09063563206994064,0.007781716052360558,0.7819357699687792,0.5127686095244602,0.7938329451175712
410,0.02023516711337081,1.094159601211427,0.0946196727985755,0.0067584177275276675,0.7561813972713457,0.4939601007738891,0.7333619940962282
411,0.02609523017477379,1.0619055693809414,0.0833374309832413,0.007572221179339776,0.7502960723971035,0.49341800896193055,0.7245878270594196
412,0.01625830080898815,1.1248091020749278,0.10263384834104433,0.005618157996730582,0.7149197057189942,0.4649219451842076,0.6530469492032307
413,0.023521843725702048,1.070868250596022,0.082299208428363,0.006008283461201629,0.7284494492648432,0.47097480454807034,0.6766703017397465
414,0.015010678934519728,1.123835962388002,0.09558950806034971,0.006878202052339464,0.7074293224350564,0.47243715059172675,0.6548605588592064
415,0.0215294636231056,1.0863315995689504,0.09239809323355705,0.007150859433014122,0.7003230782721607,0.4708200293830651,0.6439987392206655
416,0.015389371106546378,1.1427879574636695,0.10974194605102017,0.006943424203914862,0.697763055143682,0.4916710869104373,0.6591514809854451
417,0.015979792128408034,1.121466685709227,0.09868316329385475,0.008898803503071795,0.6934007729103913,0.4798939248684153,0.6504515373006536
418,0.01599826870830602,1.146064889959153,0.11410610738203819,0.008836728195859709,0.6661129583376806,0.4624411878467723,0.6023214311065147
419,0.01620409819261451,1.1099518826739614,0.08958477128604876,0.009496905112522231,0.6771199656811132,0.4615492292240202,0.6050660716431184
420,0.02056733042148346,1.1011323116182683,0.10354798910903691,0.008102182943601247,0.687766853745615,0.4623807490497338,0.6222238406743932
421,0.0119725597487988,1.140210374964933,0.09124499043974442,0.007286854988346549,0.694162081537538,0.472104207287413,0.6482535162748864
422,0.021482837003279694,1.0952457416706431,0.10213405474249762,0.010082410776236405,0.7188897728900686,0.47491647593012215,0.6793481622631778
423,0.015432391655798721,1.1388339267486436,0.10779960097286771,0.007351898672458944,0.6966375883408346,0.4514556590295761,0.6299727022646398
424,0.03093312714513215,1.059636933146042,0.10561156626836125,0.009407231732734937,0.7352057460686405,0.45794005634288065,0.6812644709427416
425,0.024529228391644998,1.107879784454241,0.12633470824823445,0.009013742837254337,0.7559323497968351,0.4811845985797648,0.7362202844414241
426,0.014274625569042555,1.1122849029651152,0.08063604918026203,0.006488716588064897,0.7512194284149507,0.47170519507762476,0.7202617721361646
427,0.020202042516411826,1.0877785035082486,0.08670754463327458,0.009481061033819675,0.7950441629328062,0.5013261737586512,0.8069888419853839
428,0.029902794877470662,1.075187352326521,0.11932347032558649,0.008331964749612408,0.7882806400871114,0.48411220157410384,0.7817532291594882
429,0.027163078292459758,1.0687714722707888,0.09928042193016998,0.006389388874008689,0.7990908122426406,0.47783562152565706,0.7916023497685615
430,0.025686114758678588,1.0655926832056983,0.08677485152943934,0.007638738292612864,0.8198145022170741,0.48678802299481355,0.8327435458600745
431,0.024920057557670912,1.0645333462715132,0.08047639715064825,0.007335632544113291,0.8281489482893372,0.49093408493118146,0.8505715438418083
432,0.02186412621092624,1.0683588305474025,0.06669615571291954,0.005917340177804164,0.8085986067976829,0.4821268150128069,0.8043418901895656
433,0.021769510208770132,1.073223380882269,0.07491463247122206,0.005400349125842427,0.7989045825668333,0.4862114824499229,0.7959654642381845
434,0.025660357633964504,1.0647365744482453,0.08531866154312684,0.007064824037289372,0.7944415752925374,0.4739806353859881,0.7782451042149497
435,0.017601929149040504,1.0847379629430454,0.06507084213377497,0.0062553143813749105,0.778763418326172,0.47558613063208843,0.7612215214170368
436,0.017894456454215685,1.0986101736740361,0.08684283101146838,0.005978458661383576,0.7278824614621666,0.4610741504486529,0.6690381505873314
437,0.023258007328142837,1.0990835655383615,0.1140156044292938,0.0069168884498231695,0.7165521527470099,0.47207031972068125,0.674056418656477
438,0.02562318160029449,1.084919090385901,0.1109316576752323,0.008206383690514369,0.701580147984634,0.4757824772399092,0.6552678442062132
439,0.0234487026806292,1.1005127879591685,0.1160878350066248,0.008756472056216895,0.7024158466299727,0.4772887056113314,0.6585541239029635
440,0.03157568320592892,1.065320091374316,0.1155875273334818,0.01151057228690167,0.6969832946937282,0.48251126335854005,0.6501837115100553
441,0.029440687071333755,1.075280388280326,0.11750917004395248,0.010891568518883472,0.7073098119393667,0.4755685585322492,0.6640891089011783
442,0.01848665368812925,1.1183477504590444,0.10837166545817943,0.008715167034511237,0.7081535153569113,0.4777012367543671,0.6643079181668232
443,0.02016607636232819,1.101824139914206,0.10223028526510156,0.00936634538259195,0.7158162085524431,0.4843730960197121,0.6717928797615353
444,0.01667658310900695,1.119046345400587,0.1002411765849649,0.005987434350541287,0.7290039663748571,0.4783553729534843,0.688079985172458
445,0.02576671727096491,1.0826731039608113,0.10919153958261577,0.006866610576037751,0.7506979354209027,0.4733836913558788,0.714578097763772
446,0.023993828096418986,1.0682776243661263,0.08099126549664255,0.006690915402682525,0.7821217246763125,0.4857004615024454,0.7676785163735604
447,0.02049138070235723,1.0962070779906967,0.09814128871485568,0.006233042554711016,0.7970036074343415,0.49614080145118056,0.8046444996056946
448,0.032878549493896785,1.0512993609896595,0.10332239953539663,0.008849808812314147,0.8126816168541771,0.49693036707538,0.8230139724874024
449,0.016517805267615458,1.1069363114500106,0.08812551726008873,0.005679570179211677,0.8221828689355657,0.5087495848678276,0.8516877854864451
450,0.020207156276365025,1.0973496711612023,0.09788566249113939,0.004783880677872894,0.8225168511162545,0.496462547742223,0.8367946364458279
451,0.03258170129208267,1.047864572581692,0.0966836954754417,0.006330011338824817,0.8230953056944343,0.4885799710167108,0.8244603420463797
452,0.022108978234221838,1.079352331707999,0.08640264078768047,0.005604064641816755,0.8152410337411307,0.49244179813286504,0.8209797019833707
453,0.023868587649762074,1.0712029802730072,0.08481866959468551,0.005305043916592854,0.8015052107543259,0.49201186045389544,0.8040360347767658
454,0.0222212546446692,1.0773127412089236,0.08417342281420767,0.007347353123102954,0.7764169368064909,0.49090077928013703,0.7657871361814764
455,0.01268448076874577,1.1261542239341742,0.08454217437335275,0.007064365474654678,0.7644517432420366,0.5075365140850987,0.7683851273262058
456,0.025025226607523786,1.0865234623638145,0.10987843946186933,0.007301534311710998,0.723850701528707,0.47794092016445267,0.6772902073977596
457,0.0191516812418272,1.106006076357184,0.1011872344513131,0.009136870624029413,0.7195762994670409,0.4873950552097174,0.6883027352667178
458,0.019520987544896132,1.0934468664399128,0.0899500380719285,0.008817031215889837,0.7163308847621891,0.47264989640684885,0.675908930651105
459,0.028884023543159,1.0807773481751262,0.12080596922741833,0.010020141431478984,0.7075486801544966,0.473900066086134,0.6588049259652362
460,0.023160847473369026,1.1257699266456813,0.13256993638052603,0.006917939861687011,0.715400977619792,0.48980121749829103,0.6903771138310886
461,0.024084383931380033,1.0869605851848207,0.10597617509082277,0.00878043459734102,0.7109254989816959,0.4738426545395395,0.6674450814381485
462,0.023963882431791816,1.100485031644726,0.11826396646237665,0.007738575714059213,0.713392733483418,0.4646825379301976,0.6654916591245676
463,0.018342820699857154,1.1147853301448931,0.10486725040067417,0.007569504809623526,0.75291055105532,0.5102266641150717,0.7657102993497242
464,0.02217675910732303,1.090662262941858,0.1007176452293891,0.006626511431168572,0.7411841941401581,0.48740164052352686,0.7134779034339662
465,0.020219617923703914,1.098366794634778,0.09903731399602128,0.007811809149139516,0.7589445193777661,0.485716043725535,0.7410811819882333
466,0.0247512572835782,1.0628121131365045,0.07647575670084102,0.007827495570934486,0.7684837162575434,0.4777837380379382,0.7437212296981126
467,0.025641405423896917,1.07352477558634,0.09776490888469094,0.006295356771219067,0.7968964299114126,0.495460217543778,0.8115026740815716
468,0.026499467283892096,1.059391698123786,0.08152483542869046,0.0051217352814880365,0.7923828580554306,0.4773565172022808,0.7735220042301294
469,0.023829430310380106,1.0705215064066491,0.08355232842009647,0.004756437834292798,0.793667129231708,0.48496671575380984,0.7900198492276145
470,0.025769623924732223,1.0625567135463823,0.08242964930937222,0.006509500607492957,0.7916471859923413,0.4808727944710186,0.7781034768746151
471,0.018225922548379958,1.088464227981011,0.07548284707996845,0.0068167407177213216,0.7946310871709805,0.5009508877762253,0.8121716449248402
472,0.030849675321481237,1.0667537572471022,0.1140528886879907,0.007119114325715485,0.7824796864005075,0.5067058367075081,0.799335813161876
473,0.018671221219841487,1.1057264249837688,0.09845765049190923,0.005791278896747345,0.7895235311414821,0.5290647044840702,0.8401405421684612
474,0.02555424650285104,1.0743929807142343,0.09847252674892493,0.006325840085718526,0.7512593475692009,0.4939422662562526,0.7395884459287085
475,0.025704520771546155,1.0830664598085011,0.10933054493450058,0.0067715069457128544,0.7389751038001143,0.4821061752868204,0.7112838720869064
476,0.03502016636331989,1.0581369265955145,0.1217154297804214,0.007485490309916508,0.7436613400457927,0.49199592300406936,0.7290343061088853
477,0.026070916792415286,1.0877736669901936,0.11573088366986933,0.00837876046845283,0.7435878419924897,0.5057823452085153,0.7415077611004397
478,0.019458927121039155,1.0940285144502275,0.09029468248009812,0.006352927929806073,0.7259560691127257,0.4832301620868039,0.6948875930196887
479,0.017863683169106824,1.1052278418749104,0.09384699697760397,0.0066326488378809015,0.7255102144765893,0.4742260395500736,0.6802972286757476
480,0.028875954418346263,1.0648402177280114,0.10259561826409642,0.009652228625955118,0.7425771111905994,0.4886755966246973,0.722745589167797
481,0.02192495676756305,1.0874950546282542,0.09583892896242677,0.00818185516326176,0.746283196172403,0.5031565675587382,0.7431187463521948
482,0.025245164040051428,1.0819069191249762,0.10590419247636411,0.009007814907576378,0.7521504329671684,0.4932665736232949,0.7448249051818443
483,0.019863561110970266,1.099878837483908,0.09878428790840175,0.008094069624900174,0.7517708467023574,0.48612713620718423,0.7288432020161181
484,0.019074560015039644,1.0904467389083305,0.08362485909994818,0.006558152439611591,0.7585889925014553,0.4812116869628227,0.7296778729432118
485,0.02040199777417723,1.081819230307735,0.07972482478031084,0.006311004728135892,0.760628162678697,0.47381813757871416,0.7294475814164814
486,0.022329245682709744,1.085039506788723,0.09502880665708267,0.008040662795843916,0.7673725864208496,0.482271295801471,0.7481592586463852
487,0.023731658515372334,1.083682873823042,0.1006067747769058,0.007662330764781509,0.7585178838483146,0.4787991152997965,0.725992115301747
488,0.01902920928475528,1.0892876307820365,0.08178740706272082,0.00881849032926369,0.7650493796268505,0.47835744037564365,0.7398214252816313
489,0.03124420792935704,1.0700550850519792,0.11948627507313567,0.009588058237426457,0.7541646384936214,0.4759292057262869,0.7196901941822821
490,0.02154298373551261,1.1355266453628299,0.13154967666145342,0.005702652311556219,0.7583017810891518,0.4961336400227263,0.7515019529781374
491,0.02657968183427037,1.0794083826543859,0.10932914861503791,0.008211145950991788,0.7713817189394587,0.49754924371260223,0.7626977739930387
492,0.031188586421459205,1.0928014685366254,0.14004274368065323,0.007324031445893513,0.7793706564253147,0.4997847826396508,0.7776718450408557
493,0.029303074968076784,1.072689889449992,0.11406710650346193,0.0066559400779609,0.7855374621387387,0.48404591242905903,0.7724999367145353
494,0.01832741560620778,1.0872430362886978,0.0743826669218152,0.004598995168490957,0.7783215634390845,0.48344248132463336,0.7590260724566212
495,0.02149977976488095,1.1040505599504349,0.11048802476845158,0.0061407523710787035,0.7936997891972312,0.4977239430848539,0.797403494508139
496,0.02134053018779616,1.074589157590581,0.07434476135377634,0.006467117889779366,0.7883581016592391,0.5024711833327281,0.7904013531629694
497,0.01999330764466107,1.085611131027291,0.08259356438156017,0.0060275442258012745,0.7967491236617653,0.5014531801657142,0.8076987832878039
498,0.03505157107785829,1.0360459252080991,0.08991686454040805,0.00746356426773048,0.7877027762851361,0.4940033099382602,0.781263439442236
499,0.023967853179924822,1.0655148232700733,0.07613718712258369,0.0060481992158426525,0.7899058961587961,0.49155764941845914,0.786709576900219
500,0.02215045799476322,1.082797981551465,0.09127414308532246,0.005241796384982091,0.7839914810058184,0.49039680488712845,0.779338740076232
