iter,actor_loss,critic_loss,mean_terminal,std_terminal,mean_utility,avg_turnover,avg_gross_lev,mean_lower_scale,mean_upper_scale,val_terminal,val_utility,val_turnover,val_gross_lev
1,-0.002132685181132781,0.03496532068038108,1.225994077153422,0.4262036390813875,0.14394767271329817,0.08351721903003731,1.8251721744342517,0.9839514010942095,1.0030717722098825,,,,
2,-0.0015135884763454214,0.019329187121448693,1.2467375272916814,0.49593853079535843,0.14007434227321014,0.08857909360231309,1.8136710784376142,0.9805957958102867,0.9997042165217511,,,,
3,-0.001107318327311367,0.01755534451447602,1.2942082867127995,0.47769352434849294,0.18941075833534685,0.092322449338246,1.7982818063837938,0.9792912347792437,0.9934486444375966,,,,
4,-0.001599631538425412,0.01516381837727485,1.2519967241093526,0.482884303637948,0.14968919872589342,0.0872184170867954,1.8157806530726943,0.9829521280559379,0.9979786129910151,,,,
5,-0.0016390143177695726,0.014514838320095667,1.20904764346044,0.4777010445023906,0.11507450941359305,0.0915003323412896,1.8090705133728728,0.9841321520336004,0.9983439738548259,,,,
6,-0.0014027541181924415,0.015093902168220272,1.1735456982211294,0.41789178551225514,0.0946616175376143,0.0980285578511254,1.7956521576270927,0.9842887758389208,0.9964645607796315,,,,
7,-0.0019634715739447013,0.012951907668774404,1.2518376156998192,0.4134200897579839,0.16965812067111732,0.08220560541045387,1.8243012065832094,0.9882800298952008,0.9973283023608384,,,,
8,-0.0018955507536387944,0.012652295873123732,1.2460483989239273,0.4518282270550968,0.15355737197420505,0.07707092022956911,1.8341253456050142,0.9868491136559059,1.001351354356123,,,,
9,-0.0015374925152554252,0.013497977549263912,1.2162316455415736,0.5482997193196749,0.11569628651945289,0.0916210514055033,1.8093527694671003,0.9872152186443439,0.9961938721699868,,,,
10,-0.0014687116445381552,0.013123561305862353,1.2117741954573984,0.42746376060107216,0.13129840305757015,0.07763003771502591,1.8392387598780737,0.9906099726888626,0.9998915866391955,,,,
11,-0.001192624295629417,0.014976055012568453,1.231132003738265,0.4552214258566991,0.14078587393438727,0.09969941756471293,1.7909122428756488,0.9870358753552477,0.990942744676546,,,,
12,-0.0014527603881097913,0.01475268885422012,1.1907080189241237,0.42983415444055395,0.11201697770180623,0.09542165381114456,1.8020706331109726,0.9873866705657861,0.9968429274492959,,,,
13,-0.001306875356598566,0.014754309108017567,1.241613071263127,0.47102871075121444,0.14674115087729794,0.09008413489318574,1.8082570636952782,0.989805389002189,0.9950884002422871,,,,
14,-0.0016585447184899976,0.013732849875142608,1.1999702459659574,0.42986248216165573,0.11873044832276541,0.08413424719332158,1.822581464714849,0.9922588890498352,0.9976569201764434,,,,
15,-0.0010412100182334415,0.013637972120123085,1.1945232163402812,0.4538233370904628,0.1113361004409569,0.08558211282550215,1.820467172975152,0.988408636188221,0.9985374444993854,,,,
16,-0.001003246516705857,0.012759756321697808,1.1785931291470397,0.38074176671717447,0.11257131579538723,0.07941179737261592,1.8299089699330764,0.9888898832103126,1.0053265380034395,,,,
17,-0.001887824634809859,0.013538404846334944,1.2100409520792268,0.46058668293999167,0.12340940289272948,0.09382003787579687,1.8002007015936259,0.9854418308321184,1.001542321455754,,,,
18,-0.0017736835671639823,0.013635845026228367,1.2100520812958382,0.4226002659636138,0.12887056437791308,0.08826986027793413,1.8155651714974295,0.9860410243337776,1.0062896437177475,,,,
19,-0.001543996083098206,0.012741965693404573,1.1825309812603557,0.4340780461456375,0.10638839782826137,0.08271513071779067,1.8235893939404728,0.987300961894889,1.0081725751951858,,,,
20,-0.0017941768086141125,0.012438913090091572,1.1936348841776727,0.3582300330740483,0.13042104416190844,0.08203751162829184,1.8253039794889796,0.9870270691154417,1.00879592808397,,,,
21,-0.001282042736425196,0.013225385381748982,1.1953955957302174,0.4400565776122726,0.11332720099733745,0.0795418582703801,1.8316874401740804,0.9882551313037993,1.0099938001697315,,,,
22,-0.0011785840005683588,0.013669551487008503,1.1432531137758453,0.4289597603052946,0.06614438758269772,0.0978238286280789,1.801208691721028,0.9884427894603925,1.0058212219637026,,,,
23,-0.000768638703428796,0.013205900325113871,1.192684402328426,0.4778505626353165,0.10464431631133342,0.09132852734128688,1.812890006834293,0.9856238923289664,1.0057662108399799,,,,
24,-0.0013336938755162974,0.011809109629467497,1.210724776755289,0.4073865082827335,0.13609782632394168,0.08402161166042661,1.8221859272778624,0.9879556733236947,1.0054210847607943,,,,
25,-0.001605832970836543,0.01281504162055484,1.2790294437267264,0.4295063246202676,0.1880364294151214,0.07583047586486391,1.8337635631127305,0.9837748939668375,1.0036232187602598,1.2544344148619007,0.14922810416230053,0.0821993960966432,1.8211344730683163
26,-0.0012045073205683363,0.014148558322880119,1.2695896103537279,0.5309374104630541,0.1587548237626828,0.08704276956670126,1.8155900649586716,0.9871536987575531,1.003986924323633,,,,
27,-0.0013610363469593837,0.013317340377185093,1.2651859994236005,0.4968039841810669,0.1648233479984404,0.08104588818984602,1.8281350383739634,0.9873981192623613,1.0047422811487419,,,,
28,-0.001643486873262177,0.015606917012078895,1.322006460646199,0.5676289609383449,0.19489307497404637,0.08390279319442304,1.81756077815171,0.988940755649315,1.0017607800504176,,,,
29,-0.001183487764388092,0.014463805508180945,1.3093589214256964,0.5112556219869727,0.19992070025194125,0.07318918665742004,1.8377035719869137,0.9884149581202877,1.0043027937313542,,,,
30,-0.0013935784199576723,0.014926283499386567,1.2256464866365624,0.45913997452235267,0.13621977883278635,0.08766912907729418,1.8165822350533074,0.9887014700642238,1.0056199072996974,,,,
31,-0.0011561413881306707,0.01389385512083571,1.1980407270649076,0.4273282270006299,0.1195664009981148,0.08922928693466198,1.8108769401858944,0.9894114877589995,1.0042944244961398,,,,
32,-0.0014315711300368148,0.013897754128695781,1.2156727370877345,0.4518689394092169,0.12796900688020915,0.09035038710295054,1.8116588185675258,0.9887868553186512,1.008210776153177,,,,
33,-0.0006560616277052392,0.015114159688284083,1.24597913592422,0.49643057529161533,0.1421410890564871,0.08177970352880953,1.827979840452978,0.9899026959038031,1.0040572549309035,,,,
34,-0.0011129358413494931,0.014424171192458153,1.2753083736850952,0.4735443820168591,0.17994613073615873,0.08801033140475889,1.809701545465741,0.9889071087872012,0.9967006550247052,,,,
35,-0.0014882835380673023,0.014347334194702568,1.172658696771899,0.46958584037157897,0.08619508732831734,0.0918391521077796,1.8122469729121615,0.9924500493921942,1.0033723182419236,,,,
36,-0.0013615623707566903,0.01419014535171987,1.2356924871436785,0.4637397617747122,0.14356138084811937,0.08318188368250519,1.8202448126131072,0.9910760358760433,1.0039544150832778,,,,
37,-0.0010076099028643684,0.014997107568722677,1.2539488818948057,0.44013308309118643,0.16546785110659362,0.08492456912597401,1.815811505576376,0.9880326525822961,1.0010488579878782,,,,
38,-0.001090897902074646,0.014847250774185465,1.1848344258442496,0.43776974856041373,0.09783145474288896,0.08881242346700984,1.8170600158959602,0.986986000846585,1.005347122832239,,,,
39,-0.0007308877514071758,0.015540384882350622,1.2074287068432512,0.46530215378960105,0.12152408477477192,0.08716927596756088,1.8155794790640858,0.9848642398879212,0.9982555069224945,,,,
40,-0.0012130748475702349,0.01703309117586048,1.2865584907997,0.5111191070253341,0.16931453561398846,0.08638398726098089,1.8146820303794438,0.9833208942941326,0.9968271249927665,,,,
41,-0.001034613628722663,0.01641425953942833,1.2254861429923647,0.47572468478797963,0.12980612720647572,0.08631931006905004,1.8207540921539471,0.9817607444063041,0.9979710900121721,,,,
42,-0.0011927809111507938,0.01688576584083807,1.1974421571363227,0.4422230804458537,0.1145343691754064,0.0904178367872478,1.8158375071272974,0.981622942234794,0.9994907256936008,,,,
43,-0.001191864404486119,0.01568477363425402,1.1721014461392694,0.41079269844834476,0.0986538779417475,0.07955485551430719,1.832201265428964,0.9813731955537487,1.0044936435802332,,,,
44,-0.0008887939250742744,0.017358522560994148,1.2871138555148987,0.5587992579431534,0.16080238430530341,0.0838646567453537,1.8235026062192565,0.9808747522523702,0.9974383741601787,,,,
45,-0.0010092623848144459,0.01731776756456272,1.3255997514919107,0.5272527782537701,0.2052334494146139,0.0812300982614779,1.822150313211428,0.9799946654377367,0.9981697808127085,,,,
46,-0.0014866869951113645,0.01762318771293396,1.203751847729778,0.428878598414868,0.12236365366174604,0.08654442508727847,1.8168381072008373,0.9816203920026054,0.9983596460559576,,,,
47,-0.0016652746301755472,0.017906091466388857,1.1703292067631557,0.4636438196699539,0.08565998490464408,0.09495377378866805,1.8104579809947126,0.9814156750589369,0.9993479544053585,,,,
48,-0.0012256895128811328,0.017163204252446523,1.2780310528025505,0.46840883133897643,0.18421864891511924,0.07817106456897135,1.8312466977383517,0.9811474280929136,1.0038050736265336,,,,
49,-0.001080582298349746,0.016363022247636905,1.2089197034067931,0.45290636675859075,0.12526577077648748,0.08254661240210438,1.824297430269141,0.9802841588630795,0.997727925732715,,,,
50,-0.001419256977331438,0.016690586811802285,1.2650928448150025,0.5784022853014441,0.1470795779436784,0.09322325515481741,1.8067957088234747,0.980686090540013,0.9977589725376721,1.2114065261488047,0.12337876567080835,0.09144905632166819,1.8109773310065256
51,-0.0015093524742902046,0.01844454740492237,1.2686358858466709,0.44422796682526655,0.17287153779438535,0.08787762505469063,1.813310651728207,0.9822825978678291,0.9966790038672312,,,,
52,-0.0011218566207314223,0.018515023765376143,1.2745535418035292,0.46872914087587353,0.18071669560177994,0.0799239576982374,1.8256423317189505,0.9834252591438293,0.9944704422547369,,,,
53,-0.0009179979283864149,0.01788721561223693,1.1730596341520543,0.4007942076499048,0.1014677958151265,0.08405505724676457,1.8238772649626251,0.9859773517825725,0.9928896879946791,,,,
54,-0.0012168761579109805,0.017945669835751896,1.247891177155192,0.5086719264602814,0.14666240863256186,0.08074863186739853,1.8298240251820688,0.9849889273496752,0.9926181965591969,,,,
55,-0.0012699464380149562,0.018270130285322414,1.2379124212440888,0.47021782796263645,0.14446388894827558,0.09108376179517214,1.8083801818086118,0.9846277095200903,0.9866968593674101,,,,
56,-0.0009426620095004263,0.018089570431441764,1.3309484048930473,0.5545263913507598,0.20350836047870766,0.0766743561982679,1.8295545012967969,0.9854608676215828,0.9897381964689055,,,,
57,-0.001528167752449307,0.01764273921269126,1.1808304229948265,0.45299184727458747,0.09931950196515733,0.07945088534251826,1.8343490689752446,0.9882599371545915,0.9941331685464159,,,,
58,-0.001446994796273754,0.018028784434588024,1.1507935217082972,0.4414310723220206,0.06867056932587778,0.09572671148891308,1.8053890865323525,0.9842663452472115,0.988896145265773,,,,
59,-0.0009497762568443278,0.017148022219252494,1.2306440707771333,0.46291054756836264,0.13886749599688067,0.0924690097949104,1.804195790521839,0.9828751218839613,0.9864143379327568,,,,
60,-0.001159514773886521,0.018824831675607046,1.2922027508710192,0.5178340390487324,0.18128612232929892,0.08047222955165217,1.82463701957678,0.9835448414233403,0.9913017975603785,,,,
61,-0.0011465419118839048,0.017783782410389293,1.2035412438350988,0.41590469068530433,0.12904751546132548,0.09014448907318423,1.8173887623919665,0.980964805527723,0.9891835934389008,,,,
62,-0.0012114376578485253,0.01853833881730514,1.214852580357566,0.4026184068286256,0.13899072666788387,0.07499903204946436,1.8391971019008837,0.9835168360672847,0.9916525149366239,,,,
63,-0.0013888406504456033,0.0184079111324019,1.2867731239392375,0.4759162697307389,0.18335189893491594,0.07039002253920765,1.8462428041595806,0.9827076506364258,0.9914525037924825,,,,
64,-0.001328995726548817,0.019266663140861,1.222276232258137,0.4697475651549662,0.12761514268533136,0.08849873954604337,1.814076407856534,0.9852158714194155,0.9858104217115113,,,,
65,-0.0012317460966879549,0.01819970747945825,1.2190735234890555,0.5157606134571541,0.11783291944253879,0.08867021080111591,1.8159647613612593,0.9866961073385803,0.9855440326690381,,,,
66,-0.0012727490269759166,0.01784215915406404,1.2248772879693988,0.4543881839228358,0.1363453003398619,0.08799452554459579,1.817343073442629,0.9878640613961707,0.983945888253083,,,,
67,-0.0011555710292855933,0.01941398955957884,1.2559515055576496,0.44128681371977496,0.16871992094931815,0.08106765164834101,1.8277364760978534,0.989303496851015,0.9822180193721375,,,,
68,-0.0012692194173441077,0.01929384261984678,1.284564666232868,0.5002161345540167,0.18121507124409125,0.07120579414418089,1.843634939234939,0.9886255103101192,0.9813393607567452,,,,
69,-0.001005016293570803,0.0181805146169841,1.2319368232229126,0.46486455053086007,0.1384132760863826,0.08502344732794528,1.819014757106882,0.9888948150427072,0.9784451189056455,,,,
70,-0.0010580923419282395,0.01752396528326057,1.2642978428347504,0.5452164021747175,0.153377461821873,0.08678822838249736,1.8160519463019833,0.9882359756250139,0.9805478538619552,,,,
71,-0.0013406204838079718,0.018673450294722164,1.2497863827426754,0.48656565057559736,0.15022928723256582,0.0898442164968126,1.813898563570227,0.9887629111078944,0.9796495978260569,,,,
72,-0.001058227831448144,0.018293628271616943,1.1711823942614812,0.4323826718512384,0.08895737020813323,0.08660650636675218,1.8222095787034998,0.9917627396610034,0.9842163516798894,,,,
73,-0.0012927262883261367,0.018702299156965838,1.2531744647504448,0.5068560617763974,0.14786024139502424,0.0870754860231028,1.816325415685216,0.9913417090224999,0.9807033836465918,,,,
74,-0.0011219696134691886,0.017785017741788558,1.278076352839312,0.4666800842834995,0.17761975690914583,0.0836186226426265,1.814747242916649,0.9878480206424927,0.9750665300231298,,,,
75,-0.0010207232382680458,0.019423529609880846,1.2811321363576629,0.4929412587464002,0.17513295448561436,0.07812771989226804,1.8340715786512034,0.9898996341132257,0.9831020101006278,1.154894191003399,0.08895521131544191,0.0886195817494555,1.8189162301943609
76,-0.0008597631991654486,0.01729241287972058,1.2700997021559761,0.42106728393921705,0.18561485462305088,0.06776291774490281,1.8468283021641847,0.9905256810949516,0.9786559816960743,,,,
77,-0.0016946798975559147,0.017688053493416785,1.2251546884819633,0.4771884679021901,0.1331946224122415,0.08426366776849253,1.8209563991366013,0.9898005248901179,0.9776689236572838,,,,
78,-0.001144362789534879,0.01757793383395081,1.2337704692611013,0.40507751480895,0.15654642769168492,0.08719625664045605,1.8136425730364039,0.9884431043938424,0.9759192184378368,,,,
79,-0.0010429427062349705,0.017931417562540245,1.256409381228416,0.5016613641597691,0.15660972084020497,0.08623526588516105,1.8171449512812483,0.989897850465301,0.9781087252675071,,,,
80,-0.0015065427640639974,0.016568169112957786,1.3113037310452886,0.4136871995496632,0.2203103321499401,0.07520641202182599,1.8342702241412634,0.9896204133199871,0.9749277391209965,,,,
81,-0.001598183546424158,0.018572073731917466,1.3041399152752045,0.4786825073110863,0.1973010985963881,0.08744857818013313,1.8099136837329404,0.986815702253284,0.9717010233136774,,,,
82,-0.0019157904309677653,0.01886265544779912,1.219086529765728,0.4650095325819791,0.1235881671622141,0.08170880095025458,1.8242462734694704,0.98992833499428,0.9761030260558576,,,,
83,-0.0009411409288214077,0.018878839812352992,1.2403194618220592,0.42006289109152184,0.15389231350468574,0.09379001785032348,1.805961265944556,0.9906470177548831,0.9716913718528635,,,,
84,-0.000974520539765913,0.019021865988594663,1.2501073637936202,0.445931189142924,0.15981095093790149,0.08482057009767167,1.8197628054828803,0.9877611197309524,0.9712588948796497,,,,
85,-0.0012191355426299274,0.01924695120969571,1.2066343340549301,0.5219828743566627,0.10479411922500413,0.09198692677911116,1.8101145798429936,0.9892290773114335,0.9717192552695743,,,,
86,-0.0015042601087048772,0.018153400665286104,1.3254667961539175,0.4802953866088952,0.2192222420033764,0.07122095322381335,1.836145920556557,0.9841262381641029,0.9672864217199002,,,,
87,-0.001382437920134206,0.01712199533910716,1.2326000366189314,0.5138031580799436,0.12529798457308822,0.09121560589938815,1.8119949341508899,0.9849290468169417,0.9700140347677224,,,,
88,-0.001095836351302075,0.01738503956126638,1.1878101390304758,0.4165491637221255,0.11242613787317417,0.09512041589761598,1.7991557198006156,0.9850460571623729,0.9700698045047191,,,,
89,-0.0007855190784460289,0.01832529227944637,1.2266684394128264,0.4632993539159288,0.13658719760638305,0.0833159094887081,1.8244096577182813,0.9857131156915779,0.9700748260592544,,,,
90,-0.0014773927816922028,0.01817202263152624,1.2345581978688285,0.46540182240677425,0.14353461497094921,0.09143590461808092,1.8115749043950413,0.9834762986525523,0.9695293944226033,,,,
91,-0.0009749427241608103,0.017873231536937435,1.2833055605989858,0.41794776670834943,0.1938753081151058,0.07481544107462404,1.8355251060632634,0.9809710407719234,0.9690839799277842,,,,
92,-0.0011598178516774441,0.018068592380156415,1.2330559323808388,0.43781262569248464,0.14826053609693413,0.08413100157447233,1.8213810682430254,0.9810993277356499,0.9709720550031229,,,,
93,-0.0010740032148142998,0.018458986003243798,1.246281204050193,0.4479931856589458,0.15591990467238465,0.08820026442065587,1.813943300286962,0.9827484060746403,0.9713705116235122,,,,
94,-0.0010754031672806333,0.01673257431297444,1.23095687502942,0.41365580500486543,0.1539452272931619,0.07599978273627424,1.8376003973829949,0.9836107712934772,0.9734572163446475,,,,
95,-0.0010630508718341089,0.015900775432749165,1.1752704553030529,0.47999393807031543,0.08599178242163288,0.09175877994916187,1.8121709325826383,0.9835622720525661,0.9723517101839179,,,,
96,-0.0015920101378255511,0.017629724839866936,1.2658788055774877,0.5207202356299261,0.1570258055321294,0.08376951847372116,1.8237958649034187,0.9816252748511911,0.9692324681416757,,,,
97,-0.0009980639533650362,0.01861417782278238,1.2838369128631313,0.5082568632243827,0.17299949239818482,0.07487465014107239,1.8336269945932016,0.9797034656881529,0.9712297286295009,,,,
98,-0.001161587320779349,0.01905158125357529,1.2416925956132219,0.5009981849291881,0.14179386888472906,0.09237856393402671,1.8090153809504228,0.9817225215111288,0.9746365101614934,,,,
99,-0.001720528057009156,0.019130853012946723,1.2682754398278147,0.5290526342269068,0.1603263260003701,0.08600177689742192,1.813358517931139,0.9795575867538344,0.9715986692166038,,,,
100,-0.0016577090922244172,0.01863444940046928,1.289282482187541,0.5455028380720558,0.17383098295333005,0.07477652336527893,1.8375711284988325,0.9781897584390105,0.9802783198049875,1.1827953479028408,0.10393152172265976,0.09877781071290295,1.802087045322537
101,-0.0012143302596830997,0.017923487678701434,1.1774086107173152,0.4533991692095736,0.09556091521021907,0.10409647364945343,1.7939217211572842,0.9824500801620413,0.9787186148318212,,,,
102,-0.0012336527610280765,0.017670866858294058,1.2188572657780454,0.45272834459751377,0.13681624390787658,0.08439814813227436,1.8228833428032136,0.9806024722296811,0.9792994265210595,,,,
103,-0.0012492897274867137,0.01776426032489847,1.2248519548715757,0.46988789462244973,0.1325585502745546,0.0846969639955466,1.8210634652839848,0.9789098676043327,0.9762240699245286,,,,
104,-0.0012711693774316978,0.019291941400064395,1.2379319802923199,0.5289293046280924,0.13096645662867765,0.08976276169236477,1.8139354239719876,0.9779688697259034,0.9742855132049968,,,,
105,-0.0018067778008193276,0.01858432526864957,1.238094564507668,0.48138717844233203,0.139535266804095,0.08249923886614091,1.8253954823203855,0.9774847963151453,0.9791144629847819,,,,
106,-0.001087270108626397,0.018466256066009525,1.2168736835936287,0.424049325964317,0.13535428402731742,0.0926069354407954,1.8067594010674934,0.9773106894252213,0.9780257477365502,,,,
107,-0.001237809586665443,0.01859092152647354,1.2251626043940305,0.44039747051535283,0.14140485053669188,0.08640323777933043,1.8210075477658503,0.9786165336973359,0.9785245809419829,,,,
108,-0.000822529344926108,0.018936502740112778,1.2078112862123696,0.49179476433932007,0.11332213665827834,0.08799017470846737,1.8217331112803983,0.9805167251874538,0.9789174332815318,,,,
109,-0.0012817813020841477,0.018680963185892314,1.2385461817228416,0.44088074327389826,0.15253362377670945,0.07941919328440636,1.8306758682177873,0.9765740932561269,0.9767436384111217,,,,
110,-0.0007213101502039027,0.018440191954611686,1.205518474060128,0.4685960157849858,0.11616664628588252,0.08362629883056465,1.823053750929399,0.9802007124351343,0.9748773979209051,,,,
111,-0.0015083228927947703,0.019499822527000943,1.240161538923221,0.43139488339992144,0.15604769962253365,0.08076606308249198,1.8282426004267092,0.9796014776464224,0.9758639459668484,,,,
112,-0.0010460291414613673,0.01726311405087003,1.2416495554287135,0.3985747615295567,0.1653917471292366,0.07971074026077768,1.8278240667196926,0.9812919313122697,0.9720525627356034,,,,
113,-0.0009359555336169821,0.017323025628708195,1.2370559373878103,0.4239857416232693,0.15273153310617915,0.0880251932320231,1.8130173770442402,0.9809902053935217,0.9729833629259961,,,,
114,-0.001405122426184722,0.01750803250852095,1.211372256654694,0.455182413696932,0.11902472967068467,0.08596651562122157,1.818550813738472,0.9814085295810081,0.9757060773051442,,,,
115,-0.0017713425399345237,0.0183942373744184,1.2271788979584675,0.4631776536401361,0.13924627796974084,0.09465663563836421,1.8016772402385977,0.9835692580487854,0.9740330508174382,,,,
116,-0.001011878454126061,0.01778615032847575,1.2193109441789822,0.5063200183588983,0.11663701403563839,0.09305880796086907,1.8094002523094947,0.9822203525365342,0.9767522669261353,,,,
117,-0.0009103689380808504,0.018007985881728014,1.2643044492530189,0.463747769601182,0.16792289729103121,0.07209193368011865,1.8421978690865566,0.9794518643056492,0.9787010948712067,,,,
118,-0.0007041226057567769,0.017874396369755224,1.2343767165123736,0.46414438242466355,0.14156947040855772,0.09086978247383945,1.8115033640465572,0.9815545168689526,0.9756757057972372,,,,
119,-0.0013523636829851724,0.01750095860173798,1.2601126602851371,0.4225774828209126,0.17586014461791658,0.08145897090118112,1.823815684009114,0.9822391452090834,0.974006979069719,,,,
120,-0.0011181553782103441,0.01748578024627997,1.2097786609735102,0.43266693438562015,0.12692050339603433,0.08194637238743285,1.8277223493908095,0.9833842790282242,0.979077387712447,,,,
121,-0.001234019823945704,0.018567747547146022,1.1524495766250185,0.4087454092789224,0.07713199334241337,0.09928143469781153,1.7949880999738443,0.9841804314528505,0.9738169648575474,,,,
122,-0.0009208101520059488,0.018767070598195008,1.2448722542061543,0.49213291395051784,0.14752582716543877,0.08984088061894094,1.8064606811103823,0.9839416137924749,0.973140957261746,,,,
123,-0.0013026532066465245,0.01893517694109555,1.2391582076054686,0.45783873115715457,0.1487786546576932,0.09177549720623035,1.8095574653170394,0.9834943874419252,0.9740239211079988,,,,
124,-0.0011713642959755904,0.01833967207190529,1.2947343421371516,0.47498218218239086,0.19421954068030983,0.0744590635857337,1.8366917232673394,0.9811393886341924,0.9769796889384244,,,,
125,-0.0013771013471299146,0.017729708754402256,1.2357163353052207,0.4855823952703361,0.135221713004791,0.09755089242973103,1.800425780634856,0.9800582300755192,0.976398865926717,1.1722716957359076,0.08137958556068833,0.10078012254353394,1.8017994301622269
126,-0.0009778178746009485,0.017633563773501636,1.270162849215537,0.49355853185177545,0.16347235885452466,0.07803958991832739,1.8342790137713028,0.9784246231544445,0.9775259360897559,,,,
127,-0.0014957454465492144,0.018157495644482474,1.2206497859027912,0.4914764614795976,0.1294851582087648,0.08511920545415357,1.819940971347748,0.980260037128682,0.9736704023027547,,,,
128,-0.0014150730693481197,0.018524963388507162,1.2240391012183673,0.49727521992466167,0.12313269422905054,0.0872702073674958,1.8148876643537712,0.981814722076818,0.9697096510148224,,,,
129,-0.0009490236335174996,0.017450044911810344,1.2179200618326071,0.4146822591693024,0.13952097360555876,0.08521197219612628,1.8183856289262614,0.9795759463524087,0.9706784475335462,,,,
130,-0.0008723599913903607,0.01881173820478094,1.301099007005115,0.5434281518119045,0.18420734880395728,0.08458531640636302,1.8149729784469653,0.9804545822420054,0.969182624469821,,,,
131,-0.000952922950320869,0.018709590393468943,1.1694108266065795,0.40091788356301183,0.0995257032578941,0.09276132272073095,1.8073808423493598,0.9829835153767853,0.9727023876279718,,,,
132,-0.0015088732391269487,0.018747242857517308,1.2339202996877365,0.46147441446061227,0.14207886618278825,0.08386899949743956,1.822247398058501,0.9798513217826239,0.9745120187657901,,,,
133,-0.001289255670407902,0.019357125270276145,1.2743933413827744,0.5154065882252361,0.16662969078952528,0.09314644874890103,1.8027575921661876,0.9790496038947576,0.9710175636680127,,,,
134,-0.0013020282876788454,0.018694133437276914,1.229836991182467,0.46394465866028645,0.13997995605421346,0.08771582947308557,1.8163518871461997,0.9800275728776902,0.9713959350645978,,,,
135,-0.0009801016321314138,0.018243557609510297,1.2338667139008848,0.4718418359608305,0.1400105529984713,0.08312994962146888,1.8214878506769114,0.9797959664893097,0.970577464974436,,,,
136,-0.001727161355696639,0.017537988972676194,1.239740931680961,0.4885075430098798,0.13942703918544172,0.09389866598011112,1.803726226524235,0.9842564438315877,0.9713506582440753,,,,
137,-0.0011428890751387754,0.018910925653736182,1.3007388437303595,0.5018620187244068,0.1921081407370291,0.0845432828232685,1.8168078540901054,0.9814664259945844,0.9650451986351205,,,,
138,-0.0010929045551044609,0.018847670645029325,1.2540269676460223,0.5113055338317912,0.14668457124847947,0.08527139474718733,1.8190776897207983,0.9829610078453135,0.9686423600246878,,,,
139,-0.0016571847186940057,0.018627084246984962,1.2172919401028937,0.43892104977051,0.1363009850249575,0.08363963339269245,1.8239161336459375,0.9855372972534668,0.9706746257415684,,,,
140,-0.00162160376364909,0.017601703493651776,1.2707434730911777,0.4467808255568041,0.17657822759781777,0.08279186926333452,1.820208278666771,0.9821665802009149,0.9687558270195372,,,,
141,-0.0010788042073295982,0.019919499225590075,1.204793987393236,0.4428942104359177,0.11992282716126312,0.09656640508701245,1.8004853279618618,0.9837077292643337,0.9681695009843572,,,,
142,-0.0010684832495535283,0.01814560807669761,1.2119854228509492,0.39792379555841767,0.13679452423959293,0.09234883344460547,1.8046899609013032,0.9817089018512439,0.9665666768051859,,,,
143,-0.001010858124540068,0.018843630725454773,1.2412519610980257,0.5302764331477694,0.13180053119308552,0.08305233357362468,1.8236654177842302,0.9816188291835862,0.9689094593108453,,,,
144,-0.0009650147216888215,0.018766691655170472,1.3100838799457604,0.5125072321616045,0.1936327012809771,0.08231604245467328,1.819555688902856,0.9830781050528181,0.9682698898886066,,,,
145,-0.0015746146450098294,0.01903399276291701,1.2341811080556095,0.4586867264424345,0.14473126839221268,0.07851316113098356,1.8296471354298427,0.9849037126944189,0.9680618510839806,,,,
146,-0.0013789858266542976,0.01738448360679828,1.2034971715536633,0.4684017252058663,0.11285844709825654,0.08890367178539779,1.8145758392164861,0.982188683757789,0.9682249351124561,,,,
147,-0.0017589344668311041,0.018356136997322334,1.2779534357192182,0.5465744097026208,0.16704953045510929,0.08214168460220655,1.8242654014442996,0.9830187238656927,0.969536515112338,,,,
148,-0.0010472453310303512,0.018273937396447167,1.2667554899012687,0.547671850721873,0.15499507482450697,0.08879720423216972,1.8141031687958513,0.9841906118894335,0.9661796350220171,,,,
149,-0.0015002025355709452,0.019447423193598577,1.3288644094753308,0.5583724363381998,0.2010445367013579,0.08224309537391623,1.8174446140978602,0.9824161192590891,0.9648002657295093,,,,
150,-0.0019185741816539193,0.01874167987909331,1.2035777795025875,0.454672895495503,0.11491316607051366,0.08789782581933112,1.8180163318716942,0.983122278291174,0.9674938830979622,1.1559826567312927,0.08374160925751897,0.08513300796222678,1.828579412858641
151,-0.0010114455178594187,0.019298277083933557,1.1778926615626335,0.4675493410425401,0.08941015723802662,0.09197961686060852,1.807374500311748,0.985862753235879,0.9634710465682952,,,,
152,-0.0015439052015531456,0.020078435419606015,1.2140685746693338,0.4672392605669945,0.11901594918604155,0.0965121991036124,1.8031968100512796,0.9838303777762385,0.9638626360253418,,,,
153,-0.0014310163570620655,0.01933031753770487,1.2805851690681906,0.48664326935025565,0.17467047516751122,0.08519837576025707,1.812334182291083,0.9841350754164435,0.9628091208398598,,,,
154,-0.000823401845831133,0.02052815481245318,1.224142756670488,0.3979520220087286,0.14582122529359215,0.0982606075995378,1.7925082765321805,0.9828284371658917,0.9652056571264508,,,,
155,-0.0007820928920501634,0.020180561580975823,1.248703774943848,0.5349383579292505,0.1407368430166409,0.09642169373106488,1.7950102893233195,0.9843816141612874,0.9655737316075206,,,,
156,-0.0010910533311873267,0.021136955815066732,1.3220328453932695,0.5563576014737225,0.19528386662019476,0.08457906208285552,1.8209660139088348,0.983199112363691,0.9655846293059962,,,,
157,-0.0012240572688495693,0.020236285111822603,1.2783401023401235,0.4957678026270466,0.17613721860393955,0.06814832743452388,1.8507228314729145,0.985965416030101,0.9647000941286785,,,,
158,-0.0014783501482600258,0.017905608916009223,1.2433464065143007,0.45255456638027824,0.15175855446497036,0.08986204472408685,1.8093786834774226,0.9842251226231179,0.9640082434542577,,,,
159,-0.0018418417352990622,0.019263491590705145,1.19759667224166,0.48065724852985836,0.1069999410497143,0.09857270355605219,1.7932168489937381,0.9817778317560442,0.9638586026470821,,,,
160,-0.0015388306924927605,0.019786225658684993,1.2994093537653246,0.5093474454739824,0.19040064139078988,0.08152722469244443,1.8182999892030844,0.9798317410717192,0.9616018353295422,,,,
161,-0.0007597861118320565,0.019753772915836947,1.236608327018365,0.45028295024768245,0.14452402614292698,0.08284592014979729,1.822002004589483,0.9819203457796215,0.9607066965119448,,,,
162,-0.001520167302737886,0.01846998276248924,1.2162599795514293,0.43390070820442395,0.13412116505079696,0.08894062161284959,1.8123187493336164,0.9839659132559793,0.9607704171956233,,,,
163,-0.0016063841162788637,0.017780309861273998,1.2611877489869985,0.5420197994224699,0.1473625657573397,0.09567893263281468,1.7958013528521048,0.9815524574131438,0.95855152375223,,,,
164,-0.0016311401230103301,0.01880258797024543,1.1879342516410922,0.4151637831764362,0.11539719837892438,0.0813557916381103,1.8238824881943219,0.9813963624229998,0.9601959981211288,,,,
165,-0.0012808509572705795,0.01793906039760734,1.2533934054073042,0.47934791099211266,0.15753865743571277,0.07295842135372246,1.8381223553434585,0.9815171182560125,0.959557036802913,,,,
166,-0.0013365387201125449,0.018293757361759477,1.1877792970462102,0.4268503083464694,0.10953897572752914,0.09610228460155151,1.8003158123341036,0.9809365305102906,0.9573707839306945,,,,
167,-0.0008506959825229419,0.02021803464396576,1.2806535966377224,0.533831547376648,0.17418049727673968,0.0797491835066883,1.8249475127606076,0.9793419387932079,0.9556501648071885,,,,
168,-0.0010908676804279724,0.01782317559699332,1.206761449070074,0.39433500449623593,0.13511482927335544,0.08277575472047322,1.8241158581612034,0.9832629462637503,0.9568713550003243,,,,
169,-0.0011796010808310228,0.017650058327911406,1.2420806295448885,0.4997546183841197,0.13917727948466616,0.09076717301563891,1.8067105410304705,0.9836562150132201,0.954314725806331,,,,
170,-0.0011104382101246241,0.017404908149251913,1.2474628545581754,0.4548140593274104,0.1566598222173559,0.07682313063817053,1.8327374737739157,0.9886660994051646,0.9552422085165031,,,,
171,-0.0010205005495580947,0.017238048394006687,1.286683245044205,0.4837496113150558,0.18143094752452352,0.07908091078695903,1.8234777072215493,0.9875639996760831,0.955200988958427,,,,
172,-0.0008932082632504847,0.017028211440742704,1.1551036895414946,0.43688872503494863,0.07820358131041613,0.09277930295578354,1.8048418304960316,0.9911199627156295,0.9564919889653163,,,,
173,-0.0013072238564829398,0.01792842118832944,1.279945149216975,0.4366361670433681,0.18776870815836713,0.07548796551726447,1.8323198785976573,0.9853240815894002,0.9532012743041467,,,,
174,-0.0015387434735880594,0.017493692828002963,1.2071805794116728,0.4222488368882714,0.12581982198022634,0.0849975831422076,1.8197514223917817,0.9900848861905932,0.9577832872491305,,,,
175,-0.0009311417252295877,0.01844443262926524,1.2375961742997883,0.535948416026432,0.13702344297352181,0.08133722808912061,1.8261535669703948,0.9906073922299818,0.9586411006145964,1.2061390137372898,0.14026497491259982,0.07331779901516278,1.8460192856822746
176,-0.001256575935747065,0.016920136078864296,1.1748547552913493,0.39828372786581817,0.10456253426472256,0.08486485534733092,1.818258982547534,0.9892451157243846,0.9591338979062067,,,,
177,-0.001309489232209542,0.01754012489332458,1.1496144748190507,0.4588310167532287,0.06851398981178297,0.08827132158965342,1.818621175600044,0.9917756792332886,0.9589156245212543,,,,
178,-0.001379007466698379,0.0177963592463779,1.2855082164023195,0.478011433579456,0.18835283762805688,0.07131396068765178,1.8382839276076748,0.9862767190103858,0.9594168467817601,,,,
179,-0.0012585737382454622,0.01764381849932075,1.167688318541614,0.4424544995042397,0.08448539210667988,0.1010682728736241,1.7939158406761315,0.987104348966922,0.9616775450429396,,,,
180,-0.00139735038738334,0.019674872796697974,1.28545069930661,0.5114969913513299,0.17299420675516008,0.08575936287410495,1.816023190962313,0.9855287319447459,0.960749680881375,,,,
181,-0.00118541177764177,0.018731222171413847,1.3043968515430397,0.5139690074496818,0.18995567161636864,0.0785041939482842,1.8264389194415325,0.9831173683776424,0.9607810705887996,,,,
182,-0.0016298260507895666,0.019215687454725575,1.2464626516350692,0.49599437545901887,0.1460690682816559,0.08816738857479606,1.8088191975471033,0.983096599078704,0.9592857541909542,,,,
183,-0.0010158417338271511,0.019263232000222633,1.2987892737702507,0.5008123969979065,0.19149877833953036,0.07614965418366368,1.8315912580594516,0.9848046798224876,0.9614989264356928,,,,
184,-0.0011492810890557845,0.019818288053207584,1.3052335193819111,0.4614581102474889,0.20289699755515228,0.07605971959054175,1.8330438801780295,0.9847057927161684,0.9613774751814936,,,,
185,-0.00172575149252798,0.018944995266885024,1.2849042636936407,0.4363281556643187,0.19102980565755326,0.07808690477350959,1.8238625634726193,0.9821196638671306,0.9602904129247771,,,,
186,-0.0011905637661282996,0.017985825290796113,1.2337144269637643,0.42437201475970693,0.14978678096258477,0.08547205723781807,1.8156828808895105,0.9864101014379967,0.9626422863232377,,,,
187,-0.0011981960122457135,0.01761782814896912,1.2502966005248226,0.4341819515618727,0.16090034345732931,0.07989513120046973,1.82841775940489,0.9899046704676131,0.9629151053088205,,,,
188,-0.0009080260643268759,0.018732018922681157,1.2102249521890125,0.46432863372120653,0.11756377502522346,0.08347917987968301,1.8203855358576395,0.9884853797632277,0.9635585727084521,,,,
189,-0.00179611501278083,0.018001679208647876,1.2988477706597095,0.5125012888079118,0.1863153049339867,0.08162433296739044,1.8225985300826135,0.9867086721534206,0.9625186551612432,,,,
190,-0.0007400424295526993,0.017554363026278844,1.2556842162705177,0.42631328039843425,0.1696445832854952,0.08156096343970767,1.8270177033109247,0.9903890892007647,0.9658632526274573,,,,
191,-0.0017605205778537577,0.017058625184919504,1.2140615139898392,0.38905878974674446,0.1465821147437288,0.07728413085684076,1.83132714627913,0.9902034664865604,0.9645751659401174,,,,
192,-0.0009228368366754733,0.01710934603590739,1.3369052297296578,0.584652952165917,0.21175973690575828,0.08731753161704021,1.8056009392622652,0.9864980803716541,0.9588425952417601,,,,
193,-0.0008372045904872331,0.0182845388284871,1.2034178239824602,0.3970633011928173,0.13085355797480808,0.08825955605047359,1.8170679457847143,0.9906840739781794,0.961239426544622,,,,
194,-0.0010026896699071907,0.018198766988529572,1.3122909197784356,0.5379639383087946,0.1879778527316569,0.07658270743654848,1.8339039748838553,0.98985820785999,0.9595086604482472,,,,
195,-0.001012441623840446,0.018317655301863182,1.2541026069990173,0.4088975158950256,0.17481851457927572,0.08309328077441236,1.8161347058647659,0.9900810645598991,0.9579579927378914,,,,
196,-0.0014844306270187296,0.017651940025064795,1.2313170384006695,0.45285784549354596,0.14562716813329576,0.09347436613694615,1.795956077579477,0.9936017286447696,0.9557064344840427,,,,
197,-0.0015317625098534707,0.017512631551539138,1.2504212053790813,0.3812973462430841,0.17641423908920917,0.0762662532226317,1.8333642046840288,0.9947685087299198,0.9598017849899385,,,,
198,-0.0019409959164838426,0.01735654171918886,1.247140757513813,0.4567877233241563,0.15353850551910175,0.08091037810399951,1.825447898032324,0.9946404040607142,0.9593390929597907,,,,
199,-0.000971696150398324,0.015767154764872483,1.2835573563421863,0.4326655016498398,0.1932201653563333,0.07093625126459273,1.8429986438696475,0.9952182326810846,0.9604022359174097,,,,
200,-0.0011375560810533555,0.017098865272463647,1.2729764141392437,0.47188208338716203,0.16928854479280972,0.0823330327308204,1.8231754651994254,0.9943164972761955,0.9580492547502674,1.2368204915158516,0.15329106817734256,0.07701595105588345,1.8330167461676152
201,-0.0011718397699757913,0.018224352495424413,1.2480566355265426,0.5395847068043261,0.13846352190068295,0.08525160124238781,1.8225085104592043,0.993471653304149,0.9584570913385306,,,,
202,-0.0017500571486552925,0.01782659227609897,1.3440397091879879,0.4787417437759297,0.23804620765107035,0.06347843550239363,1.8518577457185388,0.989187715936479,0.9604418786095565,,,,
203,-0.0018547823121309024,0.017395232414700475,1.2784909127185493,0.5239259355372758,0.1686450561347279,0.0807262839037965,1.8221465256396838,0.9899295254714231,0.9593375737141245,,,,
204,-0.0010310595916696978,0.017956258075819194,1.2332539879579,0.43741233102321736,0.14626778022307166,0.07804966005064681,1.8331804454650875,0.9930835638634774,0.9616696299134591,,,,
205,-0.0015516484591952858,0.019137350319776467,1.1944233331610272,0.4499647736081644,0.11433458456551225,0.08984609672008267,1.8156767027450533,0.9912799924023173,0.9582414740908393,,,,
206,-0.001001238570518422,0.01772658206427795,1.2776900291311866,0.46723894328604365,0.17585791628966974,0.08122925278140741,1.8233694155997373,0.9895758326041638,0.9570394403243007,,,,
207,-0.0018471263618858272,0.0168798458831705,1.2849034194003135,0.4740372131115134,0.18476830753096068,0.07302821334247829,1.8340014865470153,0.9877195086364344,0.9554107528776553,,,,
208,-0.0013990641607525894,0.01677917974115014,1.2192165177957932,0.43837805361737786,0.13418082880990945,0.07911791666920269,1.830341003208937,0.9878461587125089,0.9552192750316544,,,,
209,-0.0012477769038863732,0.0181082714077643,1.2683051985182012,0.43986519774146465,0.17478303356966007,0.08414044130749307,1.819425587392664,0.9840340802021796,0.9551482049737945,,,,
210,-0.0012023562648779654,0.01785120947350257,1.2263588029883747,0.47682660679108263,0.1299902026632157,0.09011179156023301,1.8146652891867552,0.9855408646499284,0.9571103286509959,,,,
211,-0.0012957938177207795,0.018835909809389286,1.2313833396285059,0.4455672284952721,0.14252341082247927,0.09109470884050475,1.8099023902407243,0.983908863197595,0.9540428678122013,,,,
212,-0.0009594274003935805,0.01691634094097661,1.2233855436111598,0.43001418350622916,0.14513843451979425,0.0789623200202101,1.828665436323814,0.9862514238536553,0.952990272068462,,,,
213,-0.0014754941270506857,0.01718297963989342,1.2566442417020722,0.44872519896539614,0.16877407885540424,0.07921962479077943,1.8243113614755484,0.9833330195966485,0.9507591743924354,,,,
214,-0.0013226822230083634,0.01902399271084026,1.2524231612019303,0.4854888377108501,0.1536381590396817,0.08605968602633558,1.8150970608149635,0.9857229972373165,0.9490458753329791,,,,
215,-0.0021012934470147956,0.017513089345863694,1.2454321287994867,0.4285930432456643,0.16361780515389474,0.07557053545283267,1.835518624042652,0.987031636705892,0.9505990102953301,,,,
216,-0.0012907549198072636,0.018114731998571693,1.2832594194827391,0.5323684452707413,0.16953978864810842,0.08235456905869362,1.815557264819231,0.9854210728513371,0.94762502153858,,,,
217,-0.001350775429398137,0.017062560478953846,1.2260470012459732,0.48021293316300123,0.1328304323198877,0.07714231787593595,1.8341171035401977,0.9912302964597006,0.9527898733541523,,,,
218,-0.0016455365404209356,0.017533999899930576,1.171236107647819,0.4382177508013495,0.09040594891994963,0.10031876592033631,1.793223228688567,0.9870920132358771,0.9511319284138996,,,,
219,-0.0013953791583621354,0.017423161012342515,1.1691890710031436,0.46135485676376414,0.08719520018781868,0.08895698296162878,1.818412011226354,0.9898956396218361,0.9532013210000038,,,,
220,-0.0019108779540540936,0.018846482142090417,1.2340764490856042,0.5156367415378134,0.13244989715498373,0.08721995966925533,1.8140600894035455,0.9866033499766068,0.9504789041373757,,,,
221,-0.000995119255500056,0.018255767127358175,1.203129931035987,0.4453060826259814,0.12138076635076422,0.09344635321211092,1.8054608690231984,0.9826244870927827,0.9503927076653702,,,,
222,-0.0009084273765726309,0.017712666221634133,1.2057084330455374,0.4411128167335039,0.12007466163902125,0.08176717860719429,1.8292703860466004,0.9839069529527633,0.9535457732716126,,,,
223,-0.0010891968224201896,0.01762196809090951,1.2977679089724512,0.4466304637969383,0.19986261124846996,0.07273379452930887,1.8355976888517382,0.9831600850478478,0.9536122613589171,,,,
224,-0.0015701540776042156,0.017493575277342258,1.203066335271049,0.4212069359821271,0.11926752523312849,0.09243341587159806,1.8070465131467368,0.9860581111234725,0.953840681981355,,,,
225,-0.0010834950012778726,0.0184210505873643,1.261331919855194,0.4269023731880606,0.1782515231102178,0.08014285196130402,1.821890948630172,0.983902427764513,0.9527106685565492,1.2737156454807925,0.18136932661073776,0.07406394147782508,1.8391561836775114
226,-0.0013930716490477564,0.01715332608961852,1.1851527989065893,0.49138646148533943,0.09833617421948333,0.08694061499997313,1.8162763581295134,0.9911935675120485,0.9573827846486094,,,,
227,-0.0008511200446323911,0.0176606849963172,1.2195933803180834,0.3911407205556702,0.14530358061449028,0.08170758043874307,1.8236059711572103,0.9889051438544946,0.9575916048835408,,,,
228,-0.0012544744925095826,0.01748134421657034,1.1676558010059477,0.3815674069510356,0.1001793998830797,0.08918630020344592,1.8149786613192564,0.9922394765003866,0.9590217384232166,,,,
229,-0.0010758928032121502,0.018100700005789793,1.2029577659828798,0.4702678030543126,0.10791292085042524,0.09700121669972905,1.8049073766434418,0.9916666837046724,0.9571344351472872,,,,
230,-0.0010510120523843304,0.01744834311296226,1.1866551457815833,0.4454768121758676,0.09907588144910977,0.09480430409715251,1.8062154777083064,0.9950507089107888,0.9576519456640133,,,,
231,-0.000894211187530939,0.017427832973770416,1.292672464835788,0.45455042771078036,0.19486467253796155,0.08049782301364689,1.8215891977444891,0.9912909277015494,0.9565401803578044,,,,
232,-0.0012626100131784093,0.017452684573955813,1.2744266190366305,0.5281720858190849,0.16288102794200027,0.0765499358201012,1.8320864033941442,0.9918633349837057,0.9585316659414289,,,,
233,-0.001544446199402599,0.01852017904400106,1.1628263239476204,0.36184764611424347,0.10217360667055231,0.08132060857907733,1.8331731722774127,0.9971611114394345,0.9612171130966407,,,,
234,-0.0008451910298649199,0.017851687779644347,1.217410896456602,0.4669548645823116,0.1324086762808368,0.09052918719131255,1.8036872458405546,0.9876901752428155,0.9566532310678635,,,,
235,-0.0015643497731142961,0.018463621527163857,1.1899978815611947,0.43575568258159836,0.10952393102930207,0.0881296180427501,1.8165792979174493,0.9937911289007078,0.9613477590196615,,,,
236,-0.0009305263597620781,0.01772188358583975,1.23074814079948,0.4519732817856019,0.14296766983343512,0.0797168329032685,1.8281303263283655,0.9929972899510897,0.9616885750688554,,,,
237,-0.001451246541081671,0.01681226286546409,1.2205850163799277,0.4315475770857452,0.1412951077249372,0.08885768823155832,1.808554788296155,0.9895455928878236,0.9591768675029612,,,,
238,-0.0006714219834622928,0.016855007336763823,1.277219948752402,0.4350121172438297,0.18460083885777107,0.08537770455551444,1.8189823342913631,0.9874082578908037,0.961653529393465,,,,
239,-0.0010953905832590753,0.017239325492542625,1.1757332091405903,0.4479856773515896,0.09377486409020191,0.08771820962877967,1.8158470611437303,0.9873723065930163,0.9620229838442946,,,,
240,-0.0016804981637998716,0.018708825791110276,1.2479731431422505,0.4760286793106563,0.1468049081610051,0.08760141647742689,1.8140538584402188,0.9838596408479852,0.9621148329739314,,,,
241,-0.0013271538176060304,0.016821669249439227,1.2734426936372372,0.43652893951576033,0.1820991148841875,0.08610664228080794,1.8118297417652753,0.9823007303760157,0.9621257258764726,,,,
242,-0.0009677324643796814,0.0170461017150569,1.242581665906779,0.4501555450755991,0.15320553602150244,0.08201118459845633,1.8257611850804483,0.9871382161834246,0.9659773375905222,,,,
243,-0.0017239557504769658,0.01680335605256133,1.2828710938165544,0.47726704928945,0.18065847262703294,0.0808041328445023,1.823872515613096,0.987701949573901,0.9665134435577631,,,,
244,-0.0017448997211547328,0.017053152437279156,1.17539143989277,0.3913922220553787,0.10360651022893425,0.08419456560122127,1.8212015213109947,0.9887837039568708,0.9664172124946591,,,,
245,-0.0009284954897166852,0.01771991463852296,1.1829053470596262,0.44176797411651775,0.10632379336506168,0.09805209854722408,1.7964748831062631,0.9907374064045074,0.9650782473325106,,,,
246,-0.0014674151883846223,0.01766865626504077,1.2062884570785966,0.4396817007857906,0.12421513272362794,0.0810558127428847,1.823030432295685,0.991988674535405,0.9647196194441248,,,,
247,-0.00102544271195223,0.017201828096929304,1.2242782376663408,0.4228357251337806,0.1468238221117475,0.08772000419210832,1.8137206086047002,0.9917892260626948,0.963117831957162,,,,
248,-0.0008117335591314271,0.017613078102412798,1.1681661932895042,0.4094876647411015,0.09214540226554893,0.09876261317451249,1.7968952382553303,0.9923128680923154,0.9658098283698611,,,,
249,-0.0013451160326876975,0.017230028636380946,1.262505923847149,0.4142946432321801,0.17877678780917095,0.07188182784947225,1.8402232479887894,0.9924510581951576,0.968248270826293,,,,
250,-0.0016569979740777361,0.01751931898924231,1.1654367718426095,0.47921623135988944,0.07944761308992443,0.09547171598498523,1.8078515711512007,0.994593021691677,0.9681753913936252,1.2947109120688536,0.17989252251239843,0.07626771893413656,1.8319855703184167
251,-0.0018094489372975913,0.01725098224352996,1.2818048413432415,0.5600574771725407,0.17876676345873652,0.0784541532054377,1.8288666847556416,0.988050819320049,0.965950662795801,,,,
252,-0.001084171021981353,0.017417094428496403,1.251873413084217,0.4463365704294461,0.15985526111118098,0.08748345504632463,1.8147982566291492,0.9941120610231255,0.9683450717656787,,,,
253,-0.0013834587136388585,0.017799941342208466,1.257744813833993,0.4423008661780678,0.16871608587381956,0.0862347365527682,1.8178222360158345,0.9906898975588262,0.9685005017581737,,,,
254,-0.0011013070717505935,0.017731686078868852,1.226686943740701,0.44561953701578294,0.13862357084133142,0.09698823912680701,1.8004411519008325,0.9917635283728119,0.967267181402014,,,,
255,-0.0011120617814097719,0.016482567424725418,1.267671747842069,0.45488980188619776,0.1711857098790346,0.08514181057662568,1.8163671911096153,0.9893556623528192,0.9673341650116273,,,,
256,-0.001268263113788445,0.018210774789771123,1.303944823577591,0.5257106762499505,0.1914173253764062,0.0888692937677969,1.8056742267991401,0.9878089888160904,0.9641833325439307,,,,
257,-0.0013099996726093524,0.01738542336924484,1.2328160062975386,0.42292085651429684,0.15356109772419868,0.08028185214501307,1.8244578136520175,0.9935308222644162,0.969918222173203,,,,
258,-0.0008063921231207628,0.017849103656585475,1.1845519172897587,0.44756465712770843,0.1005948283077651,0.08965701532472112,1.8126050373726268,0.9945136325972195,0.9698070277670346,,,,
259,-0.0003215874171952942,0.01808974318293303,1.1606577932495048,0.3859752581792254,0.09500236803266189,0.0893692617706094,1.8142209369450708,0.9967670898960161,0.971418443697469,,,,
260,-0.0008294997492113315,0.017555377067542514,1.2313538689299663,0.574187083493909,0.11757116506479803,0.08735056034366949,1.8181460532227078,0.99682304588017,0.969934198630605,,,,
261,-0.0010142390537740008,0.018216558571180808,1.2489276187001959,0.44722674591022654,0.156090573537144,0.08386144266130854,1.8175013970124323,0.9923223298200612,0.9689019108235405,,,,
262,-0.0008023604138574622,0.018120009447035557,1.2375194945721018,0.4662634435485413,0.14306978270401804,0.0821164461006911,1.8252497186574796,0.9927888958636591,0.9711307687327062,,,,
263,-0.0015037495925903331,0.020040423684131253,1.2260808059527637,0.44248344202576184,0.13890864568783784,0.09053458553928034,1.8066420416984819,0.9903917834941087,0.9688929967439572,,,,
264,-0.0018133463841894597,0.017791054444711487,1.2789652165173715,0.5105424613630094,0.17238877550753842,0.0895580917701555,1.8019945353232325,0.9924893570372819,0.9685229718254433,,,,
265,-0.0015561294452490783,0.018618080311071948,1.2185335965463957,0.4575312659620846,0.12944862053257447,0.08834711081399979,1.8130072361178589,0.9993498377109827,0.9740964043785353,,,,
266,-0.0014985879971112618,0.019236613429836468,1.1459643446426573,0.4381309513613387,0.06488404441120539,0.10879543393784016,1.7814514656511546,0.9999193594243146,0.9710005019251139,,,,
267,-0.0011219671552794947,0.018730350720848596,1.2727432266928036,0.4468256157201446,0.17941113359498756,0.08385014563412253,1.8171607443020659,0.992218615637746,0.9685500088044808,,,,
268,-0.0007084692318939203,0.018433834957220986,1.2853442427307313,0.541404538891432,0.17128059141668187,0.08080350108352322,1.8241912605893995,0.9956890507431511,0.9721505577590839,,,,
269,-0.0013046566601379755,0.0176273541220114,1.200409488190782,0.40300809850548097,0.12556940253836582,0.08525639020019665,1.8222820423143438,0.9964560192494276,0.973875986588924,,,,
270,-0.0015419178407086453,0.017640591505642227,1.2467112998198853,0.4726253786426994,0.1513560226785039,0.09033102044960833,1.8024135947846898,0.9907760012650897,0.9699537042132238,,,,
271,-0.0005984449564821238,0.01818542568634982,1.2405053702581603,0.4329766708167593,0.15076754969828365,0.08669788376161265,1.817678273694385,0.9927293877882617,0.9719341996917916,,,,
272,-0.0010425107402213143,0.018563865667100603,1.2267995519077184,0.4714986285699289,0.1325091969479012,0.08627590645203137,1.8236763917352088,0.9960095308940622,0.9701378503181227,,,,
273,-0.000993491060586164,0.019723787739034444,1.222180661000465,0.459436901489484,0.1315620830622124,0.08654014645315168,1.811790307861984,0.9935460785038304,0.9693734701680071,,,,
274,-0.0008970029924282782,0.01989855065123331,1.2170563982496847,0.4770695661307081,0.12141176698534481,0.0870568113797224,1.8185635155875872,0.992928683132294,0.9712426539447743,,,,
275,-0.0011451331136623662,0.018046445199533936,1.242101197389256,0.46211427779442776,0.15054614928750798,0.08621584401593851,1.8114426518066504,0.99238295928235,0.9695094874301999,1.241891900463949,0.14530432797382042,0.07988339883991824,1.82657757155066
276,-0.0012633048684806748,0.01810652595192966,1.2353411333349311,0.41930399682889136,0.1559236866997845,0.08714595300803049,1.8137684918473764,0.9948867194537928,0.9683882283178042,,,,
277,-0.0006830536452324699,0.017999276638879916,1.2317781328725,0.5123457920120744,0.13019262395418482,0.0888660522543028,1.8129818946285892,0.9957451404649655,0.9691210133285938,,,,
278,-0.0008975682752169826,0.018004711487221957,1.2562188939834844,0.4665993725368579,0.15896925985269983,0.07912707370291949,1.8293166816713877,0.9943802291760349,0.9701521449664405,,,,
279,-0.0019083579060502147,0.017773110148144783,1.2589187425229338,0.501119581545782,0.15263472898496455,0.08443517959467636,1.816604194301697,0.9936319102314746,0.9693046239817371,,,,
280,-0.0009496532979783838,0.01760013687313341,1.2326440713288167,0.4565455466327582,0.13907757107025956,0.08013771796004363,1.8290578466267473,0.9996424028787558,0.9747499749588796,,,,
281,-0.001678422617631183,0.018313651692327047,1.2336946052575444,0.5280169270342739,0.13122131173679547,0.08566276892883261,1.8180687763299024,0.998651414764116,0.9732786514149998,,,,
282,-0.0018358068491752806,0.019375211054980048,1.2870184187690608,0.610745075212818,0.14890264410606735,0.08312339083313286,1.8186991430482642,0.9985327645130528,0.9705681903348002,,,,
283,-0.0009419644128180158,0.019652177530707166,1.2609313972885006,0.4071574207213251,0.18018625447329106,0.06888929784215167,1.844950345864187,1.000804840231868,0.9699626070582662,,,,
284,-0.0011625167687460008,0.019429508328525164,1.2279554311810204,0.45379003735417783,0.14111382660673288,0.09161569329179525,1.80075982083296,0.9967559337019667,0.9650025802606463,,,,
285,-0.0008045676330634377,0.019540941548135685,1.1950368896070038,0.4307000194356994,0.11884475684774773,0.08732509577218886,1.8100462022366774,0.9979732602517829,0.9672127281766734,,,,
286,-0.0009366755135421418,0.01767502688699444,1.27953215813245,0.4495848737682466,0.18415081255010873,0.08859704977207529,1.8039409999809473,0.9959422536597349,0.9638877314229555,,,,
287,-0.0015289861208752304,0.01828559101492187,1.2328607167719354,0.3871551997057127,0.1558836002952637,0.06661382392851234,1.8517701684524708,1.001472441787341,0.969674921507106,,,,
288,-0.0013114731515417879,0.01785181744035569,1.2253943507536231,0.49905935493804304,0.13250496906506104,0.08623314206813779,1.8163445401203426,1.0012704787262101,0.9686792161264113,,,,
289,-0.0013330883075494653,0.017406017581504098,1.2447985158080697,0.5200350850997146,0.13692862515597315,0.08464909816500103,1.8214042930571832,0.9980557272798358,0.9694080330040405,,,,
290,-0.001020944926158893,0.018776559666967608,1.1748813105032503,0.46182305475655333,0.08963409077247635,0.08458922623057347,1.8228709203445934,0.9991720443747507,0.9705488333846719,,,,
291,-0.0016842682722997008,0.018201622845876012,1.2631444221460317,0.4212780219155288,0.17592360340005087,0.07852450178323236,1.8288730791713381,0.9969272897346475,0.9690496449852408,,,,
292,-0.001444691519538439,0.017572465736995495,1.20437628749543,0.44504982306894825,0.12017012050356915,0.08031219482087129,1.8272954870035076,1.000240058158202,0.9699597724745498,,,,
293,-0.001630698203757681,0.018572260349692078,1.2220912850622856,0.44666597718635387,0.13947413173717105,0.08089181160224096,1.825254946952214,0.9980509542374154,0.9698414334887527,,,,
294,-0.0011817447503836421,0.017057522956003667,1.2378513991040407,0.4644877658636288,0.14633793932739647,0.08752014641936542,1.8115721680516055,0.9989349291957662,0.968825853901532,,,,
295,-0.0015284129468755546,0.018602351689577166,1.2128653643307143,0.4785357000600412,0.12074495290368303,0.08621411695591057,1.8153682788861552,0.9975994697925593,0.9678822690999048,,,,
296,-0.001010898318967307,0.017618667473233107,1.219149394657013,0.49548723257343064,0.12274139741458709,0.0892872962010853,1.8104630667853816,1.002893531355963,0.9672568635092016,,,,
297,-0.001412080221642707,0.018921208163678465,1.2860646019244464,0.47282574066467786,0.18149789798841492,0.0778910279472879,1.825440118381205,0.997818593719334,0.964983389875842,,,,
298,-0.001048927080390346,0.019373434577867256,1.198981928840769,0.4445370289136975,0.11256611321602203,0.0860133122872054,1.8186158878851326,1.0037218591868577,0.9651904980095438,,,,
299,-0.0010643033097181317,0.016649613589418775,1.2875891040480538,0.40723222915002333,0.20296903371817043,0.06490159970556121,1.8480768643627208,1.000612250325632,0.9652840246564816,,,,
300,-0.0008080895742747279,0.018476863794931613,1.265404766416719,0.519142396729698,0.1577949411455969,0.08488240454465804,1.8167413567932118,1.002967426339526,0.9634456847054234,1.2135430779918033,0.11966118506002991,0.09528994447169337,1.7978072448324265
301,-0.0016793901081019469,0.017933104676953533,1.2209212226588024,0.4690905507311655,0.12282408168025045,0.0917030016624251,1.8042629417590512,1.0024992283279022,0.9627413411225559,,,,
302,-0.001366092595400404,0.01816412503743029,1.184208859635779,0.413563432606702,0.10923936704753207,0.0864242058918864,1.8128594266455664,1.0067081172132597,0.9646289368551189,,,,
303,-0.0013101227415953426,0.017399660497820917,1.2796528585144313,0.4151468461276601,0.19380224087300635,0.07651632889594417,1.8273305146120211,1.0007234889956966,0.9626738784569395,,,,
304,-0.0012619945117132742,0.018711712008587053,1.2787214205365616,0.42531210823900095,0.19077233427076762,0.07890688987608299,1.8235533677931404,0.9992767157307969,0.9619176827132125,,,,
305,-0.0012510367989250828,0.01881158571882652,1.2486354720165396,0.4355381905449812,0.16105291120455753,0.07949013740356319,1.8263871367414564,1.0010112588566211,0.9611321726906215,,,,
306,-0.0012268566501274537,0.018335997235600913,1.2056061007214978,0.4991045856128377,0.10826354894985425,0.09297499637314365,1.8019015835677075,1.000245748963028,0.9582713461333614,,,,
307,-0.0009882799917600741,0.0163417309320983,1.22823267469118,0.46011693872480824,0.13731345917865861,0.08692060782173103,1.8155779009712314,1.0011281215813181,0.9606919030122352,,,,
308,-0.0012777189421970276,0.018669157250491012,1.2224572209585078,0.44580369895278593,0.13324671863938967,0.08646894151787042,1.8132758540476164,1.0003203731040644,0.9587541639592501,,,,
309,-0.0009083567578648227,0.017570370457643217,1.3125087990943072,0.5004979075877383,0.20397951541298587,0.0832789397157782,1.817002153626936,0.999440953147341,0.9579107394571152,,,,
310,-0.0012860066268976075,0.01755830152162953,1.2967488730276355,0.47220725887198084,0.19349534057325712,0.07955131245049253,1.8202122533890814,0.9978066224070912,0.9586729467735005,,,,
311,-0.0018357354013203864,0.017801809228762268,1.2531385502394805,0.44822470942419806,0.16034198561073193,0.09125426273198105,1.8020542635427483,0.9987030494587178,0.9588486774752953,,,,
312,-0.0014430545908505547,0.018601336355854734,1.188230314441732,0.4058628413966594,0.1145665112156421,0.08846813172911693,1.8124510325817274,0.9983488960508882,0.9610542844623422,,,,
313,-0.0011167342436946006,0.01793384209704504,1.2659597047990698,0.5387201513888111,0.14877128365612693,0.09070445697108084,1.8089776805537152,0.998127334606958,0.9617798099831445,,,,
314,-0.0011592179944894929,0.01973824186965815,1.2632770317300461,0.521306200510659,0.1549607243625754,0.09053971439082162,1.8064836855067707,0.9966708020370254,0.9608840662831598,,,,
315,-0.000823901545598923,0.020308168233360437,1.2246193199877693,0.5191393483380679,0.1164436086559126,0.0961029596822213,1.8033788602121494,0.9996437502197593,0.9635115831261906,,,,
316,-0.0011400746980385174,0.01905133723454344,1.226899562676789,0.4510083643714961,0.13816520170060523,0.08558883223921207,1.8158134697195962,0.9973423244291701,0.9648843512004814,,,,
317,-0.0008315631042390252,0.018247778421811536,1.1842087181811876,0.463639050333956,0.10098049160745616,0.09448507617821827,1.802637516795468,0.9998524288635613,0.9648308919872224,,,,
318,-0.0016078459948634023,0.019561643227429242,1.2389895465444507,0.43925257285334784,0.15214348702718583,0.09111784409493742,1.805070223457958,0.9961910931103242,0.9643710790218338,,,,
319,-0.0007908640134238564,0.018902601084980392,1.1832841887808554,0.4390255952703567,0.10242336940839888,0.09040232758188432,1.8102539557357042,0.9989988878021419,0.9669398387228778,,,,
320,-0.0014241728763417787,0.018683132260723243,1.2164203303827952,0.47890361396322834,0.12461061808405172,0.09177338660336709,1.8030261105913685,0.9974113494720065,0.9650310641648143,,,,
321,-0.0012091412581247433,0.01891259522794593,1.2948845037896202,0.49837677760584104,0.1889153743061255,0.07918367286383649,1.8251397525799098,0.9954070734698311,0.9666072257645025,,,,
322,-0.0014220199826039948,0.018634443878387953,1.264169160102444,0.4294969291941253,0.17521281552573983,0.08454760746543963,1.817617272113183,0.9977325349053606,0.9666139589853677,,,,
323,-0.0006670226463026192,0.018742683500585895,1.2601313216707157,0.4605299383900365,0.170117534472712,0.0828559975283698,1.8196112715302104,0.9970273399881461,0.9651568951369677,,,,
324,-0.0010370468315329436,0.01829975238616417,1.212783673622315,0.48644948506926045,0.11970990558236555,0.09285594156570379,1.8063009084959467,0.9995036376038616,0.9647976597369363,,,,
325,-0.0011891262760471775,0.017162818822890183,1.2467589181303236,0.4613445161782226,0.1530769467116288,0.08339271183209834,1.8182348310890473,0.9986493639646701,0.9645682377678513,1.289521283983931,0.20092396333684379,0.07769648524894104,1.825253563196316
326,-0.0010198398958008983,0.01882201440170685,1.2312552914004355,0.5538562380549226,0.11788975876180705,0.09721701268516027,1.7955004041629166,0.9985976365270638,0.9631450255596711,,,,
327,-0.0014157930923464348,0.018419251562265065,1.2091242497963435,0.42817568951597695,0.12655021988210338,0.09201109381330941,1.8074875215527715,0.9993896516245468,0.9643547892757955,,,,
328,-0.0013585779498490327,0.01758067903464726,1.2340349807641138,0.47949247134664147,0.13693768684649787,0.08867858029954194,1.8069791629838061,1.0009641979306885,0.9638885336371501,,,,
329,-0.0016841914925156897,0.019291149345989356,1.2416131827760473,0.5050715293290013,0.14557138860312793,0.08466486980992705,1.8185304681061414,1.0008440648867858,0.9645812978343578,,,,
330,-0.0008765586567089026,0.01957496395881183,1.1811944882801932,0.463757058679782,0.09200188224572464,0.09854449679770794,1.792472287260896,1.0030574475860474,0.9631267559424808,,,,
331,-0.00151168945094524,0.018298416215824124,1.2173352483394593,0.4786300308387902,0.134448190145087,0.0866336813445111,1.8103165461252173,1.0001586638406106,0.9630295217004623,,,,
332,-0.0011993999949873745,0.01824779569428892,1.2091028961099135,0.47312673186961185,0.11320601340976269,0.09460188089568722,1.7997273075479874,1.0011558498310755,0.9630862538329473,,,,
333,-0.0014178444287044848,0.01913524517873401,1.277260034130113,0.440308502618948,0.18426686812198412,0.08474709455639938,1.8140370037551599,0.9986170422107133,0.9622186347319371,,,,
334,-0.0010084391616755255,0.019993310323528846,1.190157161596362,0.4489550291893874,0.10607839824142637,0.09448319556017666,1.7982019128616287,1.0001730665315351,0.9617267490429591,,,,
335,-0.0011199999456709777,0.018519530634444878,1.2054137046448623,0.4319928481922383,0.1246784070341844,0.0869507090848254,1.8138608412918376,1.0006567544874176,0.9637380807045979,,,,
336,-0.0010265007712677771,0.01856497147212888,1.1988571121941862,0.4079583120718351,0.1234819230181057,0.08121123343479332,1.8255781007026832,1.0029822740751109,0.9642146918610917,,,,
337,-0.0008226482803479589,0.018774152831712812,1.2033710820098897,0.5032249617174142,0.10497450647776875,0.09405202451073078,1.804580601094267,1.0034836927053505,0.962860018679374,,,,
338,-0.001773535245696418,0.018334746727093225,1.2124200448963285,0.4929197974043168,0.11681199072893217,0.0888647656181673,1.8140205711314081,1.0058088425184715,0.9626757317635884,,,,
339,-0.0010931469458051698,0.018018665341257716,1.264550331360042,0.5044059454451056,0.1652490809947127,0.07745112041002278,1.8339154341000325,1.0015058420319276,0.9622275439562191,,,,
340,-0.001510141573759381,0.018074217712853384,1.18462741895864,0.39748677721865683,0.11758621677062528,0.08393544067300263,1.8227084353936396,1.0003933621873562,0.9592211626267806,,,,
341,-0.0012212523806845905,0.017508056880084628,1.2719064884675169,0.43566338336214117,0.179610714450601,0.07668984734220476,1.8308816324304642,1.000592548105409,0.9577280467297395,,,,
342,-0.001117012252390792,0.017597199481052237,1.2953837220440507,0.47302203041830176,0.1984104074555711,0.08030652411139348,1.8254693902139003,0.9981226241975063,0.9556820138942125,,,,
343,-0.001183960093567799,0.017814226729683805,1.2827587676649823,0.509860327442244,0.17596569285427865,0.08097931214995452,1.8222264541732414,1.0002356381650506,0.9574763784067172,,,,
344,-0.0012833436491856357,0.018912404444121504,1.213509143913543,0.45575233176838875,0.1286704675932901,0.0866608543315006,1.8164873580182501,1.0054895295375645,0.9572639560631633,,,,
345,-0.0009736415136431133,0.01898442250725625,1.265173161318532,0.5465584381042965,0.15285257197173163,0.09831403399092199,1.7900558273465756,1.0043107690195292,0.9570486596426471,,,,
346,-0.0011598847075192304,0.019474602083336068,1.2694623572749382,0.4970309735869052,0.1600806411088562,0.08453648610566539,1.8183192870890736,1.0047340722851583,0.96082072532923,,,,
347,-0.0009059349088899309,0.019599616157487832,1.2870356147004747,0.46521033740659895,0.18567803747470873,0.07594863945969378,1.8321944841116558,1.0024566357659994,0.9615755027612163,,,,
348,-0.001930752432236458,0.01861358339850835,1.1868211822114425,0.4822444644893336,0.09137550576166706,0.0997522686636142,1.7899911988538735,1.0077404403735293,0.9596442481773207,,,,
349,-0.0013300668875436828,0.019885940800812824,1.2016913229257375,0.4417559077904425,0.11880390950478296,0.0819701883866987,1.8216420500601491,1.0030685249734457,0.9588925630015818,,,,
350,-0.001231757717818169,0.01796357532397445,1.3167882835349614,0.4689205437108126,0.2129705757364887,0.07423400758544393,1.8360434916615125,1.0037161392388094,0.9619594222124329,1.2801767841415579,0.18604868343461028,0.0793034736482488,1.8219776408931851
351,-0.0011725627377763208,0.01855100844467339,1.2114689955244553,0.44609678404519226,0.13000438968399144,0.08341535719279404,1.8194092864026012,1.0056810747584701,0.9615480742029596,,,,
352,-0.0016041056114298353,0.01879830441065367,1.1898046579442627,0.4358874426993274,0.10504568720324003,0.07963015818506962,1.8292338813515925,1.0074982080631194,0.9641671195408261,,,,
353,-0.0011655461410574035,0.017623310481766647,1.2258130128374152,0.40152518407199506,0.14912902713582019,0.07772566558012048,1.8267759611401544,1.0052311405398888,0.9633810575171234,,,,
354,-0.0012926213720025291,0.01858935547620564,1.2201715018867776,0.48082788218630695,0.12279123865877628,0.08630586528210792,1.8196210585576944,1.010185008101873,0.9638920917490366,,,,
355,-0.000857812518142236,0.017933945110141503,1.1998131571170076,0.49645881162952255,0.09831953772252428,0.10150232197176653,1.7927717708827613,1.0091087000445143,0.9604377015502468,,,,
356,-0.001319257199961609,0.019681647085233078,1.1885081883774609,0.46391607934168716,0.10360929401621205,0.0898964010220064,1.8096499195505826,1.0087892699792742,0.9610098679249025,,,,
357,-0.0013838659642861203,0.018742055225196855,1.2330454715458825,0.44221403446243684,0.14262379118349078,0.08941576144493164,1.8068602598190893,1.0061114549320562,0.9597490514774091,,,,
358,-0.0011809706513348484,0.018743760519093596,1.1837966587408306,0.42111992875929577,0.10725647391046525,0.09155587681009836,1.8053608181896519,1.0064502215377162,0.9603902948465217,,,,
359,-0.0008718656564893411,0.017875328609425933,1.2473188118103358,0.48166853519324093,0.15323249266609834,0.08438634858105003,1.8193482155100695,1.006459385101486,0.9622164229544582,,,,
360,-0.0016270331153117397,0.01782821643218564,1.222402107550149,0.4340435168803787,0.14178849942544924,0.09041230186304469,1.806612527606652,1.006300956693967,0.960475984800101,,,,
361,-0.0005043603056872011,0.01819748213804061,1.2810600634100358,0.4718938838511712,0.18010942197595964,0.07986509872097723,1.8244322035771907,1.0041717630660485,0.9631486790158339,,,,
362,-0.001422489754042609,0.01795561971624201,1.2375627078276727,0.47178346923757064,0.14071636128870488,0.0865511061769213,1.8176606551563455,1.006098574117603,0.9632541671112878,,,,
363,-0.0014872393691835913,0.017677408583499518,1.2424848155396546,0.42949565515469923,0.16076154762120132,0.0944412691589514,1.7988868619060518,1.0063439553328402,0.9604163748295876,,,,
364,-0.0011963574384634952,0.0164605531224254,1.2986311987977261,0.4576247100800241,0.19890308107907423,0.0797530077392521,1.8216086131652696,1.0061885480347645,0.961368957855874,,,,
365,-0.0010417515529871466,0.018362625779163633,1.2944574959976105,0.4954645533335695,0.19161277304358343,0.07502966477220963,1.8322018898324486,1.009339838720762,0.9634594364820065,,,,
366,-0.001381261923422009,0.017500300928880688,1.2732993222971043,0.485588239907185,0.17020801008554676,0.07187949497394398,1.8411825960198933,1.0060558394902546,0.963751711732292,,,,
367,-0.0013838936507101678,0.01754225667408926,1.2900058269218697,0.49246339253571564,0.18387901509734533,0.07386629643825335,1.8353305423862114,1.0051731113366729,0.96199106197835,,,,
368,-0.0012576674274726684,0.017640261283314366,1.132061644247548,0.3919415695950354,0.06532977743610942,0.09131086303596347,1.8118771594639762,1.0082498603047552,0.961442523379847,,,,
369,-0.000994633445288509,0.01750029363689477,1.2184027894907836,0.398354322791046,0.14643818296762434,0.08498984535721718,1.818603600744286,1.005273533983587,0.9623043485331815,,,,
370,-0.00126526837698354,0.01824314326808835,1.3714406041569545,0.5214020942354258,0.24413161553769788,0.0771777349110096,1.8220983813634497,1.0018747713173188,0.9606057509840837,,,,
371,-0.0011291658718940332,0.018749385011117472,1.261260601179588,0.47528568909888885,0.15621225689666393,0.08877459788136657,1.8061068840366765,1.0056727396048761,0.9600720226815264,,,,
372,-0.0014575573714726412,0.018594724255671016,1.262219986938,0.49450301187760554,0.1574411413092996,0.07662118831263438,1.8343155012276815,1.0065411248184897,0.9631784273287239,,,,
373,-0.0010707974348596458,0.019625250962137908,1.265001680934224,0.4706520625277018,0.16839262506654207,0.07663821958892798,1.8287077014727622,1.0041735061259591,0.9602824458379359,,,,
374,-0.0012756671780535028,0.01839578368827692,1.319471867503602,0.512270606903692,0.20557412274121972,0.08398857940838042,1.8128249832158605,1.005317244354329,0.9610137104848864,,,,
375,-0.0009408040265097121,0.01759421561992048,1.1444659741239704,0.4000789613404117,0.07531703357126235,0.0876080538311498,1.8192751472137658,1.012917477356666,0.9666714236177335,1.3037886019699305,0.19567068695342654,0.08027399952422327,1.819077309483612
376,-0.0011909184791051286,0.019223251965395913,1.1841079636474796,0.4013816011098609,0.11337409540819189,0.08459640218757886,1.8226829233333666,1.0126531282033988,0.9676893532118676,,,,
377,-0.0011864111783156997,0.01817858096678572,1.2027284300564918,0.4128055845891505,0.12144092790021939,0.09415783325259705,1.8004793991216788,1.0104679144388522,0.9641049985825434,,,,
378,-0.0013831467262429467,0.018831781398018593,1.2163476391547265,0.4524641604436926,0.1312315421525617,0.10270453899223075,1.7813602955550119,1.0105645591193548,0.9618536741705239,,,,
379,-0.0010203567273006937,0.017995974385010587,1.2424290263535118,0.4695383031632856,0.15111681031593055,0.08009469544806269,1.8240282111979984,1.0094862096106172,0.9681809008165387,,,,
380,-0.0011522640458351905,0.017523543885157526,1.1852143824770796,0.4249636341783496,0.1085390937198587,0.09017618034841984,1.8120669307843886,1.0102109543725555,0.9664796999468013,,,,
381,-0.001765672744464763,0.016450484978095568,1.1697548708350731,0.37928599588298273,0.10483163185567484,0.08647539822282319,1.815206465093037,1.0135856080885424,0.9673826193347104,,,,
382,-0.0009129893977234688,0.018162804631413378,1.2250775467476824,0.5043974307332993,0.12825246581766025,0.08687562169572745,1.8177993910347914,1.0127185733943154,0.9666993873722584,,,,
383,-0.0010782889640875279,0.016946545738935743,1.2114154977525606,0.4603753215430044,0.11928435601754961,0.0943495547569336,1.8007407021619497,1.0132594023739905,0.9662219173925125,,,,
384,-0.0014369739597489945,0.017101385271725184,1.2045572344170168,0.39866572793972516,0.1304524012528941,0.08703754299378086,1.8122032435128514,1.0111691779676364,0.9654579231627682,,,,
385,-0.0009883212885950308,0.017317321228857936,1.2094011701937317,0.40500835391768675,0.13620891240162336,0.07867991462395041,1.829038385614375,1.0102515596683233,0.9642984381760997,,,,
386,-0.001613025983879694,0.01604340297816699,1.2126402427698102,0.4454196497571003,0.13028085889865254,0.08135230260720902,1.821880428141949,1.0124300747720871,0.9651416614254931,,,,
387,-0.0012674658679749883,0.01705391131350992,1.2510065000968706,0.5042371871692001,0.148274351528767,0.07871333929243095,1.829632519582344,1.010730216184615,0.9655430120827714,,,,
388,-0.0008666766043859069,0.01715505205326984,1.2211896315470308,0.41464595891824807,0.14626092513002606,0.07829639642234609,1.8286656864375364,1.0101614340709721,0.9652182341514755,,,,
389,-0.0016250491448725074,0.015467290105642852,1.2074881898944627,0.42068421688016117,0.12671098738933237,0.0902308609599678,1.807769110123283,1.0104274551850467,0.963918324709117,,,,
390,-0.0012769472141739553,0.016858825087520554,1.272902950422459,0.48596142949883714,0.17089601974420116,0.08400900274492105,1.8152879478911164,1.0091183556694356,0.9622859727954234,,,,
391,0.0012005794157656279,0.016218418523770765,1.2672541433688695,0.44835443565436695,0.17688787100346168,0.08114067373073974,1.821720054057229,1.0083550394892133,0.9637833687213944,,,,
392,-0.0007979640539214442,0.017351603837259668,1.2299000289632311,0.47564438498865097,0.13531449666409257,0.08129683503175525,1.826001022648986,1.0054641639767161,0.9633196234397752,,,,
393,-0.0014919096763119906,0.018737461526548982,1.1620426004430873,0.4792111479987106,0.06847970667003103,0.10278268349347035,1.7935844702642503,1.0112391560789975,0.9627225766621866,,,,
394,-0.0014936594907790524,0.018541716951245346,1.2557878768215598,0.45229551907755927,0.1682004970211895,0.08242242517940186,1.817624719009756,1.006020055197627,0.9601104188548656,,,,
395,-0.0013732859370828418,0.017536602279623847,1.1759389544889212,0.40837532739361954,0.10534930969218567,0.08601337680662173,1.8124551841169079,1.0078256670183494,0.9604221062959031,,,,
396,-0.0014458247698986982,0.016848910497312235,1.1959084889895728,0.44347658582030464,0.11410588655717235,0.09989716486973532,1.791202274527833,1.0083238985829095,0.961224145986977,,,,
397,-0.0014088212842433127,0.017486819394355736,1.2355659108987838,0.4405491353357883,0.14579426806879123,0.08718277502435019,1.81217416485375,1.0058440682779093,0.9620026529899297,,,,
398,0.002100926303449156,0.017947771537180274,1.2002866272395591,0.4388573420930545,0.12222881012346548,0.07970859995513663,1.8278198895108535,1.0058937822508542,0.9640768789671748,,,,
399,-0.0015284829818486443,0.016821954067205894,1.2223307696449095,0.4255292456788389,0.13826527999336524,0.08002879162627861,1.8267992137342302,1.0054873185482363,0.962398573770568,,,,
400,-0.0008397623445409524,0.017560594532281024,1.2619169323679542,0.43752953792556787,0.17177463943873167,0.07990590253307323,1.823732344964366,1.0030703320123386,0.9596460335496141,1.3158054393029988,0.2174157412305981,0.08366626270556499,1.8112844408022544
401,-0.0016233251661954137,0.017626117273951872,1.2134594755777943,0.44256436455722237,0.12410567863850334,0.09268827151050629,1.8032831518586532,1.0079847592383122,0.962384858903486,,,,
402,-0.0017207215831512757,0.018043233754472896,1.2656523296194324,0.4521647189200167,0.17192380929824871,0.07869024006904994,1.8230771128297456,1.002607538666902,0.9598501573164242,,,,
403,-0.0013332944297648353,0.018454864282327142,1.1931846380583477,0.466242980520853,0.10601378192307195,0.09807552323862073,1.7995970649294564,1.0089172073796155,0.9616853981643865,,,,
404,-0.001479243992056263,0.01710719470685569,1.2726750671614657,0.4786422257475506,0.16920163572013483,0.08322473337644434,1.8181880158821189,1.005501767919836,0.9633334549034895,,,,
405,-0.0008886749764954925,0.017742687638831665,1.2364186961972776,0.405850659132134,0.1563702416480372,0.08458179825172767,1.8155083384902535,1.0042510732402805,0.9626351400761266,,,,
406,-0.0011437077978503425,0.017057356317824082,1.2503311917643463,0.43823266493487795,0.16602652494214706,0.08136153701448164,1.823827633886832,1.0032993353244954,0.9642158902469813,,,,
407,-0.0011352933697000376,0.017641261527885397,1.2616465196433413,0.4670733292246268,0.17014981886197916,0.07941078801238471,1.8207375940302515,1.0000396191608114,0.9625922232288803,,,,
408,-0.0009695886241601828,0.017608291906658333,1.2269447956459119,0.44749354465018976,0.14438120077056404,0.08739205536172705,1.817325780130545,1.0062572770617761,0.9653846051264434,,,,
409,-0.0011357803104611057,0.017351887610909777,1.2749060649878305,0.4879344561982643,0.16784193897179225,0.09567469598660326,1.797771687068118,1.0034063368080672,0.9622854804814467,,,,
410,-0.0007771917327887686,0.018949606787315207,1.23326545553173,0.5013281432804366,0.13476908901508558,0.08280114825808597,1.8216102331751027,1.0014733301658447,0.9627546570774832,,,,
411,-0.0009161083815966975,0.018244706068301263,1.2012420752593154,0.4584034513401253,0.11267691389643585,0.08020044197527779,1.830454619154605,1.0030091757683492,0.9624459850768257,,,,
412,-0.0014294719210670537,0.019108884495064756,1.311073532136357,0.543519012490114,0.19167239946610315,0.07696927757336663,1.8309830429666216,0.998359728455782,0.9601231194974406,,,,
413,-0.0010496126206962157,0.01876719668530921,1.1615323563413391,0.3685509736083842,0.09853076438720682,0.09515198487688192,1.8003760415530792,1.0051091913753227,0.9602289584745589,,,,
414,-0.0010953902411878665,0.016959632668604445,1.2674041915267222,0.4616832202203572,0.17061352423146203,0.08183852218984364,1.820506143072023,1.0020126250359191,0.9577751686344014,,,,
415,-0.0012304377687933335,0.01654987861263354,1.2939890261169313,0.4607664915427097,0.1934029212155315,0.07721064476124428,1.827788336920372,0.99883407327867,0.9589047140690747,,,,
416,-0.0008770797914371683,0.017360364379370614,1.2622135332649749,0.42540758154610775,0.17503074700597643,0.07952973052835008,1.825716875231782,0.9986068585671717,0.957400209627576,,,,
417,-0.0016022151601892069,0.017418062945390805,1.2660650468402392,0.5068230721624802,0.16252280584464834,0.08225004941033678,1.8215854435633156,1.001911556877383,0.9608781018320647,,,,
418,-0.0007796711423278014,0.017523448290079666,1.2523136371077155,0.45983049318615743,0.15763067666968053,0.08777008388281757,1.8082022976108705,1.0011951832767887,0.9603356600687631,,,,
419,-0.0009728521494388255,0.017604230132916805,1.2036386718291308,0.4238480386807858,0.126809173013376,0.08654306935252,1.8169586805898483,1.002070775381584,0.9613928130751739,,,,
420,-0.0013800189905992146,0.0169621770493361,1.2383671914011616,0.47566593635278354,0.14191166490518825,0.08728929256129324,1.8149209279044043,1.0019343001616177,0.9610434776389217,,,,
421,-0.0008524899953070109,0.017536468738595597,1.303161944676042,0.4701281064913784,0.2034013240238841,0.07974143539080007,1.8214783751520622,0.9998000279952275,0.9602501864720744,,,,
422,-0.0017964356071839577,0.017780774269679885,1.231595955544644,0.4749623402108923,0.13845707934640678,0.09153736893970246,1.8084606994472832,1.0037217376714906,0.9611563644602797,,,,
423,-0.0007582016109051905,0.018652298296778443,1.2605269004829567,0.4708164239110626,0.16575176362592434,0.08649091372097012,1.8129311171669,1.0056753921357329,0.9618874936462285,,,,
424,-0.0016505039935518749,0.01826655034044096,1.1867620807465427,0.3745586895771321,0.11798382075220673,0.0808694552461692,1.8275390456253282,1.0071061591804868,0.9630789475829032,,,,
425,-0.0012292962149182249,0.01775360270956661,1.291467347601785,0.5208439225414603,0.17950545313502625,0.07947336459300595,1.827121155485636,1.002937955169314,0.9610136322396327,1.2239161893153647,0.14069613737542458,0.09365266160331033,1.8050026676177628
426,-0.0014512102039848202,0.017821323784386014,1.2243680826620724,0.46388815012753254,0.1341134501484848,0.08342342304600087,1.8202753203656243,1.0037259879447071,0.9605120980183737,,,,
427,-0.0012800090352504167,0.016602346961847092,1.1352020355801762,0.3150606858561404,0.09010217267631498,0.08267193113648491,1.8213033173869992,1.0066258279131641,0.9613457194722319,,,,
428,-0.0010040482293393114,0.016215849203018273,1.2318860626479695,0.44656237435534074,0.14407703013314466,0.08615794376762301,1.8117917790649858,1.0043787073722528,0.9566295539704699,,,,
429,-0.0008178510154124035,0.016099751962114755,1.2314386841632998,0.4745254217296912,0.14013867608286726,0.07562556928552017,1.8343508100621517,1.0071834997018598,0.959269994222038,,,,
430,-0.0008420724949140375,0.017301200546155367,1.1900622337172462,0.46688515571591,0.10129720883450367,0.09062398405936778,1.8107255954338353,1.0089289836461135,0.9574054756415262,,,,
431,-0.0007566359802581373,0.01686601541678237,1.1771117836603286,0.40491904656145455,0.10590309599330013,0.0942851163619096,1.8037103552626603,1.0099574584823343,0.9580256280803835,,,,
432,-0.0006575874890695267,0.01723222013820129,1.2006570658280882,0.4402413446395937,0.11636803310369369,0.08260157657248034,1.8233138669288285,1.0071611822593682,0.9559486170982436,,,,
433,-0.0012361214019874546,0.016674434037019494,1.1711305315155933,0.40547896513030796,0.09562117280014479,0.08885570096586018,1.8124550658097782,1.0070751876867794,0.9556353219971768,,,,
434,-0.0012254382392200818,0.017505027043392022,1.2208032276862044,0.4601223203303868,0.13252447778734716,0.08281749667021521,1.8227871087876555,1.0090495840672784,0.9561817793712148,,,,
435,-0.001050676417624782,0.017324897020715053,1.1611397594975958,0.3579092948106938,0.10114151250856772,0.0927970323852369,1.8044717374437709,1.0090837008178546,0.9563083236157073,,,,
436,-0.0008583805359127666,0.016823405780213685,1.3011999835264274,0.4736390590240608,0.19749688308181962,0.07417253173850136,1.8332109816688331,1.0045933553964048,0.9571341886402814,,,,
437,-0.0012645635513162546,0.017868078485804934,1.2038947529714223,0.5048919148627367,0.10724300827875086,0.09626139164289318,1.7977185127884447,1.0084334277137172,0.9580153620488068,,,,
438,-0.0009442621221973693,0.01659466708131378,1.3192890291014403,0.5070142050799318,0.20534654337498662,0.07230170875234981,1.8343591142186286,1.0026407106088955,0.9575675544357123,,,,
439,-0.001073118083681517,0.017088403731775125,1.289028900063668,0.43718674264981616,0.19932328358184553,0.07899441766263465,1.8201208600456689,1.0044181585733494,0.9567272956377488,,,,
440,-0.001114545933210796,0.018138756562320398,1.225757919591281,0.477083919714703,0.12960937591866517,0.09520224104482146,1.7976060610488673,1.0074950452000855,0.9572251272352711,,,,
441,-0.0011067618495770124,0.017705171351819732,1.2075032822658849,0.4184647462431967,0.12814523759128557,0.08590439406809987,1.8108133101937929,1.0095551561516243,0.9599505690464141,,,,
442,-0.001255085172531707,0.016647568203408483,1.2697797747248059,0.4387714425258181,0.18150406143005576,0.08534339528497625,1.808065186483361,1.0071347102425479,0.9565103275383046,,,,
443,-0.0009412032105210997,0.018067225707867732,1.2664189702603688,0.48415004197328204,0.16838593808553246,0.07886355990767854,1.8271213065280683,1.0068300356277815,0.9574513680515837,,,,
444,-0.0010883727586445638,0.017944540088424856,1.3422107465662687,0.514715407818257,0.22214040863324847,0.07337969513187458,1.8335037361003546,1.005499359523795,0.9566091554618735,,,,
445,-0.0013954562010046177,0.017872142787346564,1.1910953549735774,0.4353410515353646,0.10850240437854015,0.08272776129440844,1.8264785028021548,1.011448253422874,0.9616067108330149,,,,
446,-0.0007642507404013671,0.01775344717047795,1.2467912154415117,0.4034032142070474,0.16711962814256653,0.0784188275265149,1.8229708077731601,1.0065336844085653,0.9574873498280823,,,,
447,-0.0009288802847569098,0.016568889263970592,1.292167827925927,0.48823249604652413,0.1905401639336331,0.08364377943346923,1.8167422004550755,1.0081414729296871,0.9586657319237875,,,,
448,-0.0018143642584968484,0.017482567166201075,1.2004226396789868,0.4956653541424715,0.11172621629730839,0.08581357614889867,1.8187619843834262,1.0109136616805368,0.9597561220356849,,,,
449,-0.00164206612845621,0.01770768881345571,1.2330222317167636,0.4668026765992707,0.13872901070554267,0.08934652078816728,1.8060921821379754,1.0095067217877451,0.9575727458607224,,,,
450,-0.0012846612051765982,0.018121614651942015,1.260572638315421,0.506795144742529,0.1520353695547243,0.07915308359797607,1.8257219221283765,1.0088367537576426,0.9585434229161625,1.2052930488170563,0.12231943095233073,0.09630184623836283,1.7957902476367447
451,-0.0013246811373915004,0.018454110039312698,1.1950445805586285,0.4238339797879556,0.11617699949419488,0.08917131572390921,1.806507328245186,1.0115956859850619,0.9585652173993626,,,,
452,-0.0015001839762596614,0.01777197809037557,1.270780969530442,0.5024558080220747,0.16742790964541776,0.0722651584733128,1.833322374994101,1.0085859258969407,0.9560943222237465,,,,
453,-0.0012825859879756624,0.01840800475918024,1.2551193917019614,0.4832600674635435,0.15996190090995474,0.08109682452722627,1.8231839364826605,1.009824610353661,0.9551810453802294,,,,
454,-0.0008041537847714636,0.01822709003548315,1.2816183653834823,0.4701892944487727,0.1875789942037403,0.07525213534938086,1.8285902887260113,1.0090179297710333,0.9535531331499298,,,,
455,-0.001097324765243274,0.017279790785989874,1.2074299510805155,0.43235332484462075,0.12444564072333111,0.09654846522923716,1.7936707006801684,1.0120962918827356,0.9559622022990515,,,,
456,-0.0009111252691340476,0.017474518352213177,1.2533432564793163,0.4264831614434851,0.16780259626375554,0.07828636537597397,1.8248133826268589,1.0086203053412865,0.9552123336270686,,,,
457,-0.0014393731750837442,0.01775035552096706,1.2731124450722493,0.5088137689741735,0.16991373889140157,0.09213325569195852,1.7982912774905557,1.0098102420249,0.9542720017184986,,,,
458,-0.0015144824797532598,0.017952517908449397,1.2600671639861605,0.43896874799684327,0.16885044288302758,0.0888293400975753,1.807760978608568,1.0110694432212524,0.9560842940223555,,,,
459,-0.0008633915065432102,0.01814933894611911,1.2192023729794697,0.47294459961110963,0.12661262490689512,0.08661104461778216,1.8139274863543982,1.0096730332840813,0.9563416504487545,,,,
460,-0.0011398750608218023,0.01766620091570683,1.2872785709666918,0.4478668482080342,0.18837218921757926,0.07838778968546259,1.820914155087257,1.0065132699832533,0.9527812491102099,,,,
461,-0.0013991889999452486,0.01812992702343503,1.2319612697170772,0.44904263871703876,0.1437146051685146,0.08698701426506868,1.814266160007156,1.0091695994414005,0.9563920773293126,,,,
462,-0.0010790679230949307,0.017519661857258544,1.2226103098612313,0.45405516780903676,0.13608733346167212,0.08603257959755904,1.8108876389124862,1.0098523793888223,0.95481413039466,,,,
463,-0.0009568948559759062,0.018567342104486954,1.2550525801694234,0.4701217564342753,0.15728926747153238,0.09259746411797803,1.7974174464869193,1.0100291771740177,0.954129415726164,,,,
464,-0.00038199355832233315,0.018184795164019014,1.273540177054324,0.4421528391397411,0.18059462576023516,0.07068536229367516,1.833847124216232,1.0073704135246295,0.9547955305542686,,,,
465,-0.0010497143754751065,0.018511909918216322,1.2504438144581544,0.4867738041504573,0.15830865392131538,0.08323168591775582,1.8146770421135017,1.0092537873058922,0.9552122446973964,,,,
466,-0.0014139316508975292,0.016681274025905437,1.3100653036257044,0.4516704513077265,0.20638396868630454,0.07603482144000548,1.8305782746758597,1.00550517716633,0.9531112659785039,,,,
467,-0.001155921894338534,0.018982468170533662,1.1994329285151566,0.4706175918156004,0.10762231676918006,0.0869428409952181,1.8151880936657363,1.0102859880013408,0.9538779617100115,,,,
468,-0.0009667100304943171,0.0176446383163557,1.252194857735605,0.4258008747177603,0.16917503091605923,0.06951205361409724,1.8443697768374625,1.0068765689588866,0.9559802520016828,,,,
469,-0.0010218924570212862,0.018069322419692026,1.3204163234089654,0.47196166179475774,0.2164033217479513,0.08083459374278247,1.8209123889975283,1.0048281703282789,0.953358503673527,,,,
470,-0.0007826588361556741,0.017543297606043427,1.2369973208485239,0.434520984227163,0.1518335640074916,0.08574525388248282,1.8140053899513473,1.0088951502868229,0.9568430794269043,,,,
471,-0.0009573496640121272,0.01704217780256517,1.2529955693361705,0.42512076144410565,0.16524532956026217,0.07956771228866483,1.8216031869979528,1.0104585872858867,0.9575345402560334,,,,
472,-0.0013383405858617083,0.016789978437137653,1.1672796017393579,0.4348677391247156,0.08546465072121902,0.09611499138087191,1.7993875376735293,1.0113960209991673,0.9565126793843526,,,,
473,-0.0014851019474872022,0.017430379992122817,1.2145269916990595,0.4621359914169901,0.12856968565430849,0.09323170319637566,1.798203383243414,1.0109241137558733,0.9559985976862035,,,,
474,-0.0007853487238707518,0.01639825060189492,1.3190206628518715,0.48732007527244875,0.20829828782183385,0.07157090635058426,1.8348140154090522,1.006231125481464,0.9544603365285422,,,,
475,-0.0011959756748586392,0.017662742850369655,1.2220358582916178,0.45862292411569444,0.13115316192215276,0.09094905149548069,1.8023507511870984,1.0091682114833365,0.9553125023332977,1.2280000116004737,0.13447722859895062,0.08228361189968378,1.8232908596071917
476,-0.0012466608458765933,0.01797819605431598,1.186270932470062,0.45715512944731124,0.0972635045066375,0.0926171990601324,1.801657307134894,1.0113602634341055,0.9555497305574648,,,,
477,-0.0015742104603099162,0.01952183755537594,1.242389032815118,0.49040222258789073,0.15073009414035501,0.08686281825649314,1.8102167442132944,1.0108928133560244,0.9556617653445487,,,,
478,-0.0012385118495533362,0.01682750625532774,1.2390845152723549,0.47665602669498996,0.14732507536078215,0.08665026055782957,1.812323728583463,1.0105252234006232,0.9565794504098029,,,,
479,0.000588718566685689,0.017449336437501538,1.2452701665287074,0.41612200330790544,0.16263437219643284,0.07087252724476704,1.836536524844353,1.0076920758920414,0.9550757966456013,,,,
480,-0.0013738438718339727,0.017976679990315953,1.1425344858769844,0.3998739261177767,0.07495993917418647,0.08551546519606565,1.8170433920827909,1.0138568158782495,0.9581423495791883,,,,
481,-0.0011987803779422454,0.017501420574633383,1.2218612342869184,0.4507123133717162,0.13530300900082237,0.07698858035182501,1.8316397365573227,1.0130773881472557,0.9575846506030041,,,,
482,-0.001214730124100075,0.017687995924443072,1.1907500532478614,0.4606371322821961,0.1067033720920732,0.09489040964767279,1.8011232440367166,1.0141294787933661,0.9564969215297624,,,,
483,-0.0012516763888053312,0.01733619521493445,1.224908552230322,0.4387437754329045,0.13863665267006314,0.08445034862821735,1.8141133245201668,1.0136272630411998,0.9557913220226844,,,,
484,-0.0010089351967999427,0.0184153195010468,1.293613445577721,0.4571126763074886,0.193748344578162,0.07746953194633902,1.824899630873749,1.0118086497849506,0.9536083454277606,,,,
485,-0.0013442990497140432,0.018336491920200305,1.2960858754064688,0.5016757479792917,0.18382239962347585,0.08134156717555657,1.819322287432343,1.012049341179529,0.9532679264951016,,,,
486,-0.0011214705590688358,0.01793862935146428,1.2529821205817684,0.4624316133507722,0.1589623204191789,0.076912445652555,1.8272717039616695,1.0120591229113076,0.9535489044315218,,,,
487,-0.0007250629993544903,0.018432592523162275,1.1708748880633808,0.3806199258608005,0.10549226720513404,0.08634268072017344,1.811691186718021,1.014517624215926,0.9543554837641356,,,,
488,-0.0012314111112542627,0.0180242628090304,1.2687252149529882,0.5457452597803544,0.15866929788035333,0.0819014274880984,1.8168621972758292,1.0116405178465442,0.9523168706556197,,,,
489,-0.0012224503434502033,0.018833262477175212,1.2226808912175224,0.5153347054568085,0.1176809482082214,0.08623318189021495,1.8153308264740098,1.0105897014465248,0.951060429250153,,,,
490,-0.0013887183353264003,0.017794855459691478,1.2334342917526708,0.4532953757184702,0.1445830969763445,0.08744904100959455,1.8122696201795285,1.0098907932990802,0.9499062189250276,,,,
491,-0.0007468065421357634,0.018478024309014986,1.2333874154086428,0.4724342839467165,0.13651381612820054,0.09278800829784431,1.8014689394070822,1.0100302416490465,0.9477147872707006,,,,
492,-0.0012584760394932677,0.019419294312790002,1.2306902698956277,0.45942774968788963,0.14378919946998192,0.07693171333690804,1.829354719585159,1.0079811153507898,0.9449962814608263,,,,
493,-0.0009357594509697793,0.018419644180132637,1.2869353565673785,0.42798102863528503,0.19862807648465347,0.07838702503441446,1.8237085471811398,1.0087231397365364,0.943955646942099,,,,
494,-0.00123481467303157,0.01693449788529335,1.2368098494248903,0.46554281382283036,0.15100651983633764,0.07883203021934038,1.825649883325357,1.0094531523625272,0.9421220021748777,,,,
495,-0.0012518868280456843,0.017125546114826848,1.251985148254124,0.444338802145255,0.16084063229739076,0.07726748451726947,1.8254457369800674,1.0125293983537378,0.9429416868265814,,,,
496,-0.0011248141687523706,0.01738753485203027,1.2063962492144702,0.4475468071749231,0.12205117685749037,0.08754850320963206,1.8100159415638177,1.0151821072664475,0.9452545559972692,,,,
497,-0.000940521540948734,0.016819912373653177,1.2541912158582011,0.5351745774680812,0.14123719439978105,0.09616920059159988,1.7955060344472225,1.0170226280543078,0.948104526982226,,,,
498,-0.0014008209480604436,0.018287488863961403,1.248128927547016,0.44724703268154264,0.15782146578307105,0.07487705799929191,1.8309141325696803,1.0128320948106961,0.947019421894505,,,,
499,-0.0015179104545148142,0.017752071075624144,1.2666436899961746,0.5070726115546793,0.16041352264389455,0.08219391936737223,1.816459263226276,1.015583600669033,0.9451375316844228,,,,
500,-0.0010260193885944457,0.01838379396713988,1.2421363585925165,0.45057719063407164,0.15088151021110632,0.0864125191019163,1.8096178567883108,1.015893405609037,0.9467364091514159,1.2505341380564619,0.16682193209425233,0.07997496030747624,1.8195274721998924
